news_source,rating,rating_num,type,agree,disagree,perc_agree,url,editorial_review,blind_survey,third_party_analysis,independent_research,confidence_level,twitter,wiki,facebook,screen_name
AARP,center,3,Think Tank / Policy Group,1404,2343,0.37469976,https://www.allsides.com/news-source/aarp-media-bias,0,0,0,0,NA,https://twitter.com/AARP,https://en.wikipedia.org/wiki/AARP,NA,AARP
ABC News,left-center,2,News Media,13793,9409,0.594474614,https://www.allsides.com/news-source/abc-news-media-bias,0,1,1,1,High,https://twitter.com/ABC,https://en.wikipedia.org/wiki/ABC_News,https://www.facebook.com/ABCNews/,ABC
Abridge News,allsides,NA,News Media,31,17,0.645833333,https://www.allsides.com/news-source/abridge-news-media-bias,0,0,0,1,High,https://twitter.com/Abridge_News,NA,https://www.facebook.com/AbridgeNews,Abridge_News
Accuracy in Media,right,5,Think Tank / Policy Group,743,444,0.625947767,https://www.allsides.com/news-source/accuracy-media,0,0,0,1,Medium,NA,https://en.wikipedia.org/wiki/Accuracy_in_Media,NA,NA
ACLU,left-center,2,Think Tank / Policy Group,1272,1697,0.42842708,https://www.allsides.com/news-source/american-civil-liberties-union,0,0,0,0,NA,https://twitter.com/@ACLU,https://en.wikipedia.org/wiki/American_Civil_Liberties_Union,https://www.facebook.com/aclu/,ACLU
AJ+,left,1,News Media,13,5,0.722222222,https://www.allsides.com/news-source/aj-media-bias,0,0,0,1,Low or Initial Rating,NA,NA,NA,NA
Al Cardenas,right,5,Author,353,238,0.597292724,https://www.allsides.com/news-source/al-cardenas,0,0,0,0,NA,NA,NA,NA,NA
Al Jazeera,left-center,2,News Media,3707,6138,0.376536313,https://www.allsides.com/news-source/al-jazeera-america,0,0,1,1,Low or Initial Rating,https://twitter.com/@AJEnglish,https://en.wikipedia.org/wiki/Al_Jazeera,"https://www.facebook.com/aljazeera/ 
",AJEnglish
AllSides,allsides,NA,News Media,3301,1308,0.71620742,https://www.allsides.com/news-source/allsides-0,0,0,0,0,High,NA,NA,NA,NA
AllSides Community,allsides,NA,News Media,2142,1273,0.627232796,https://www.allsides.com/news-source/allsides-community,0,0,0,0,High,NA,NA,NA,NA
Allysia Finley (Wall Street Journal),right,5,Author,410,474,0.463800905,https://www.allsides.com/news-source/allysia-finley,checked,0,0,0,NA,NA,NA,NA,NA
AlterNet,left,1,News Media,3357,862,0.795686182,https://www.allsides.com/news-source/alternet-media-bias,0,0,0,1,High,https://twitter.com/AlterNet,https://en.wikipedia.org/wiki/AlterNet,https://www.facebook.com/AlterNetNews,AlterNet
American Conservative Union,right,5,Think Tank / Policy Group,608,336,0.644067797,https://www.allsides.com/news-source/american-conservative-union,0,0,0,0,NA,NA,NA,NA,NA
American Enterprise Institute,right-center,4,Think Tank / Policy Group,1526,788,0.659464131,https://www.allsides.com/news-source/american-enterprise-institute,0,0,0,1,Low or Initial Rating,NA,NA,NA,NA
American Greatness,right,5,News Media,44,9,0.830188679,https://www.allsides.com/news-source/american-greatness-media-bias,0,0,0,1,Low or Initial Rating,https://twitter.com/theamgreatness,NA,https://www.facebook.com/theamericangreatness/,theamgreatness
American Spectator,right,5,News Media,7031,2838,0.712432871,https://www.allsides.com/news-source/american-spectator,0,0,0,1,Medium,https://twitter.com/AmSpec?ref_src=twsrc%5Egoogle%7Ctwcamp%5Eserp%7Ctwgr%5Eauthor,https://en.wikipedia.org/wiki/The_American_Spectator,https://www.facebook.com/amspec/,AmSpec
American Thinker,right,5,News Media,1368,754,0.644674835,https://www.allsides.com/news-source/american-thinker,0,0,0,0,Medium,https://twitter.com/AmericanThinker,https://en.wikipedia.org/wiki/American_Thinker,https://www.facebook.com/AmericanThinker/,AmericanThinker
Americans for Democratic Action,left,1,Think Tank / Policy Group,491,216,0.694483734,https://www.allsides.com/news-source/americans-democratic-action,0,0,0,0,NA,NA,NA,NA,NA
Americans for Tax Reform,right,5,Think Tank / Policy Group,523,376,0.581757508,https://www.allsides.com/news-source/americans-tax-reform,0,0,0,0,NA,NA,NA,NA,NA
Andrew Napolitano,right,5,Author,621,503,0.552491103,https://www.allsides.com/news-source/andrew-napolitano,0,0,0,0,NA,NA,NA,NA,NA
Andrew Sullivan,right-center,4,Author,37,37,0.5,https://www.allsides.com/news-source/andrew-sullivan-media-bias,0,0,0,1,NA,NA,NA,NA,NA
Andy Ngo,center,3,Author,88,77,0.533333333,https://www.allsides.com/news-source/andy-ngo-media-bias,0,0,0,1,Low or Initial Rating,NA,NA,NA,NA
Ann Coulter,right,5,Author,1141,277,0.804654443,https://www.allsides.com/news-source/ann-coulter,0,0,0,1,Medium,NA,NA,NA,NA
Annafi Wahed,left-center,2,Author,221,212,0.51039261,https://www.allsides.com/news-source/annafi-wahed-media-bias,0,0,0,1,Low or Initial Rating,NA,NA,NA,NA
AP,center,3,Author,868,704,0.55216285,https://www.allsides.com/news-source/ap,0,0,0,1,Low or Initial Rating,NA,NA,NA,NA
Aquinas College Saint,left,1,News Media,769,476,0.617670683,https://www.allsides.com/news-source/aquinas-college-saint,0,0,0,0,NA,NA,NA,NA,NA
Arkadi Gerney,left-center,2,Author,193,167,0.536111111,https://www.allsides.com/news-source/arkadi-gerney,checked,0,0,0,Low or Initial Rating,NA,NA,NA,NA
Arkansas Democrat-Gazette,left,1,News Media,818,619,0.569241475,https://www.allsides.com/news-source/arkansas-democrat-gazette,0,0,0,0,Low or Initial Rating,NA,NA,NA,NA
Associated Press,left,1,News Media,8112,5817,0.582382081,https://www.allsides.com/news-source/associated-press-media-bias,1,0,0,0,Medium,https://twitter.com/@johnleicester?ref_src=twsrc%5Etfw,https://en.wikipedia.org/wiki/Associated_Press,https://www.facebook.com/APNews/,johnleicester
Association for Psychological Science,center,3,Think Tank / Policy Group,652,526,0.553480475,https://www.allsides.com/news-source/association-psychological-science,0,0,0,1,Low or Initial Rating,NA,NA,NA,NA
Atlanta Journal-Constitution,left-center,2,News Media,749,690,0.520500347,https://www.allsides.com/news-source/atlanta-journal-constitution,0,0,0,0,Low or Initial Rating,https://twitter.com/ajc,https://en.wikipedia.org/wiki/The_Atlanta_Journal-Constitution,https://www.facebook.com/ajc/,ajc
Atlas Network,right,5,Think Tank / Policy Group,267,178,0.6,https://www.allsides.com/news-source/atlas-network,0,0,0,1,Medium,NA,NA,NA,NA
AtlasOne,right-center,4,Think Tank / Policy Group,208,241,0.46325167,https://www.allsides.com/news-source/atlasone,0,0,0,1,Medium,NA,NA,NA,NA
Austin American-Statesman,left-center,2,News Media,659,498,0.569576491,https://www.allsides.com/news-source/austin-american-statesman,0,0,0,1,Low or Initial Rating,https://twitter.com/statesman,https://en.wikipedia.org/wiki/Austin_American-Statesman,https://www.facebook.com/statesman,statesman
Axios,left-center,2,News Media,1356,1565,0.464224581,https://www.allsides.com/news-source/axios,0,1,0,1,Low or Initial Rating,https://twitter.com/@axios,https://en.wikipedia.org/wiki/Axios_(website),https://www.facebook.com/axiosnews/,axios
AZ Central,center,3,News Media,9,25,0.264705882,https://www.allsides.com/news-source/az-central-media-bias,0,0,0,0,NA,https://twitter.com/azcentral,https://en.wikipedia.org/wiki/The_Arizona_Republic,https://www.facebook.com/azcentral/,azcentral
Barnstable Patriot,center,3,News Media,431,502,0.461950697,https://www.allsides.com/news-source/barnstable-patriot,0,0,0,0,Low or Initial Rating,NA,https://en.wikipedia.org/wiki/Barnstable_Patriot,NA,NA
BBC News,center,3,News Media,11212,10996,0.504863112,https://www.allsides.com/news-source/bbc-news-media-bias,0,0,0,1,Medium,https://twitter.com/bbcworld,https://en.wikipedia.org/wiki/BBC,https://www.facebook.com/bbcnews/,bbcworld
Bearing Drift,right,5,News Media,527,453,0.537755102,https://www.allsides.com/news-source/bearing-drift,0,0,0,1,High,NA,NA,NA,NA
Ben Sargent (cartoonist),left,1,Author,174,199,0.466487936,https://www.allsides.com/news-source/ben-sargent-cartoonist,checked,0,0,0,NA,NA,NA,NA,NA
Ben Shapiro,right,5,Author,1123,682,0.622160665,https://www.allsides.com/news-source/ben-shapiro,0,0,0,1,NA,NA,NA,NA,NA
Ben Stein,right-center,4,Author,507,373,0.576136364,https://www.allsides.com/news-source/ben-stein,checked,0,0,0,NA,NA,NA,NA,NA
Beth Ballentine,center,3,Author,315,368,0.461200586,https://www.allsides.com/news-source/beth-ballentine,0,0,0,1,Low or Initial Rating,NA,NA,NA,NA
Better Angels,allsides,NA,News Media,0,0,NaN,https://www.allsides.com/news-source/better-angels-media-bias,0,0,0,0,Low or Initial Rating,NA,NA,NA,NA
Billy Binion,center,3,Author,214,164,0.566137566,https://www.allsides.com/news-source/billy-binion,0,0,0,1,Medium,NA,NA,NA,NA
Bloomberg,left-center,2,News Media,6430,7570,0.459285714,https://www.allsides.com/news-source/bloomberg-media-bias,0,1,0,1,Medium,https://twitter.com/business,https://en.wikipedia.org/wiki/Bloomberg_News,https://www.facebook.com/bloombergbusiness/,business
Blue Virginia,left,1,News Media,635,456,0.58203483,https://www.allsides.com/news-source/blue-virginia,checked,0,0,0,NA,NA,NA,NA,NA
Bob Gorrell (cartoonist),right,5,Author,217,170,0.560723514,https://www.allsides.com/news-source/bob-gorrell-cartoonist,checked,0,0,0,NA,NA,NA,NA,NA
Boing Boing,left,1,News Media,763,490,0.608938547,https://www.allsides.com/news-source/boing-boing,0,0,0,0,Low or Initial Rating,https://twitter.com/boingboing,http://en.wikipedia.org/wiki/Boing_Boing,https://www.facebook.com/boingboing,boingboing
Boston Herald,right-center,4,News Media,290,256,0.531135531,https://www.allsides.com/news-source/boston-herald-media-bias,0,0,0,1,Low or Initial Rating,NA,NA,NA,NA
Boston Herald Editorial,right-center,4,News Media,155,142,0.521885522,https://www.allsides.com/news-source/boston-herald-editorial-media-bias,1,0,0,1,Low or Initial Rating,NA,NA,NA,NA
Bowling Green Daily News,left-center,2,News Media,499,543,0.478886756,https://www.allsides.com/news-source/bowling-green-daily-news,0,0,0,1,Low or Initial Rating,NA,NA,NA,NA
Breitbart News,right,5,News Media,17019,8114,0.677157522,https://www.allsides.com/news-source/breitbart,0,1,0,1,High,https://twitter.com/BreitbartNews,https://en.wikipedia.org/wiki/Breitbart_News,https://www.facebook.com/Breitbart/,BreitbartNews
Brent Bozell,right,5,Author,251,222,0.530655391,https://www.allsides.com/news-source/brent-bozell,0,0,0,1,High,NA,NA,NA,NA
Bret Stephens,right-center,4,Author,215,270,0.443298969,https://www.allsides.com/news-source/bret-stephens,0,0,0,0,NA,NA,NA,NA,NA
Brookings Institution,center,3,Think Tank / Policy Group,2222,1459,0.603640315,https://www.allsides.com/news-source/brookings-institute,0,0,0,0,NA,NA,NA,NA,NA
Business Insider,center,3,News Media,1886,2155,0.466716159,https://www.allsides.com/news-source/business-insider,0,0,0,0,NA,https://twitter.com/businessinsider,https://en.wikipedia.org/wiki/Business_Insider,http://www.facebook.com/businessinsider,businessinsider
Bustle,left-center,2,News Media,675,691,0.494143485,https://www.allsides.com/news-source/bustle,0,0,0,1,Low or Initial Rating,https://twitter.com/bustle,NA,https://www.facebook.com/bustledotcom/,bustle
BuzzFeed News,left,1,News Media,6106,6551,0.482420795,https://www.allsides.com/news-source/buzzfeed-media-bias,1,0,1,1,Medium,NA,https://en.wikipedia.org/wiki/BuzzFeed_News,NA,NA
C-SPAN,center,3,News Media,2719,810,0.770473222,https://www.allsides.com/news-source/c-span,0,0,0,1,Medium,https://twitter.com/@cspan,https://en.wikipedia.org/wiki/C-SPAN,https://www.facebook.com/CSPAN,cspan
CalMatters,center,3,News Media,575,455,0.558252427,https://www.allsides.com/news-source/calmatters,0,0,0,0,Low or Initial Rating,NA,NA,NA,NA
CalWatchdog,center,3,News Media,446,471,0.486368593,https://www.allsides.com/news-source/calwatchdog,0,0,0,1,Medium,NA,NA,NA,NA
Care 2,left,1,News Media,491,525,0.483267717,https://www.allsides.com/news-source/care-2,0,0,0,1,NA,NA,NA,NA,NA
Carnegie Endowment for International Peace,center,3,Think Tank / Policy Group,385,303,0.559593023,https://www.allsides.com/news-source/carnegie-endowment-international-peace,0,0,1,0,NA,NA,NA,NA,NA
Carrie Lukas,right,5,Author,193,153,0.557803468,https://www.allsides.com/news-source/carrie-lukas,checked,0,0,0,NA,NA,NA,NA,NA
Cathy Young,right-center,4,Author,11,17,0.392857143,https://www.allsides.com/news-source/cathy-young-media-bias,0,0,0,1,Low or Initial Rating,NA,NA,NA,NA
Cato Institute (blog),right-center,4,Think Tank / Policy Group,899,1367,0.396734334,https://www.allsides.com/news-source/cato-institute,0,0,0,0,NA,NA,NA,NA,NA
CBN,right,5,News Media,6333,3314,0.656473515,https://www.allsides.com/news-source/cbn,0,0,0,1,Medium,https://twitter.com/CBNNews?ref_src=twsrc%5Egoogle%7Ctwcamp%5Eserp%7Ctwgr%5Eauthor,https://en.wikipedia.org/wiki/Christian_Broadcasting_Network,https://www.facebook.com/cbnonline,CBNNews
CBS News,left-center,2,News Media,6905,5391,0.561564736,https://www.allsides.com/news-source/cbs-news-media-bias,0,1,0,1,Low or Initial Rating,https://twitter.com/@CBSNews,https://en.wikipedia.org/wiki/CBS_News,https://www.facebook.com/CBSNews/,CBSNews
Center - Major Media Sources,center,3,News Media,564,477,0.541786744,https://www.allsides.com/news-source/center-major-media-sources,checked,0,0,0,NA,NA,NA,NA,NA
Center For American Progress,left-center,2,Think Tank / Policy Group,879,1294,0.404509894,https://www.allsides.com/news-source/center-american-progress,0,0,0,0,NA,https://twitter.com/amprog,https://en.wikipedia.org/wiki/Center_for_American_Progress,https://www.facebook.com/americanprogress,amprog
Center for Media & Democracy PR Watch,left-center,2,Think Tank / Policy Group,217,214,0.503480278,https://www.allsides.com/news-source/center-media-democracy-pr-watch,0,0,0,0,NA,NA,NA,NA,NA
Center for Public Integrity,left-center,2,News Media,577,648,0.471020408,https://www.allsides.com/news-source/center-public-integrity,checked,0,0,0,NA,https://twitter.com/Publici,https://en.wikipedia.org/wiki/Center_for_Public_Integrity,https://www.facebook.com/publici/,Publici
Center for Strategic and Budgetary Assessments,right-center,4,Think Tank / Policy Group,344,418,0.45144357,https://www.allsides.com/news-source/cent-strategic-and-budgetary-assessments,0,0,0,0,NA,NA,NA,NA,NA
Center on Budget and Policy Priorities,left,1,Think Tank / Policy Group,685,607,0.530185759,https://www.allsides.com/news-source/center-budget-and-policy-priorities-0,0,0,0,0,NA,NA,NA,NA,NA
Centre View,left-center,2,News Media,460,524,0.467479675,https://www.allsides.com/news-source/centre-view,checked,0,0,0,NA,NA,NA,NA,NA
Chan Lowe (cartoonist),left,1,Author,152,180,0.457831325,https://www.allsides.com/news-source/chan-lowe-cartoonist,checked,0,0,0,NA,NA,NA,NA,NA
Charles Blow,left-center,2,Author,206,211,0.494004796,https://www.allsides.com/news-source/charles-blow,0,0,0,1,Low or Initial Rating,NA,NA,NA,NA
Charles Krauthammer,right-center,4,Author,549,516,0.515492958,https://www.allsides.com/news-source/charles-krauthammer,0,0,0,1,NA,NA,NA,NA,NA
Charlie Kirk,right,5,Author,32,15,0.680851064,https://www.allsides.com/news-source/charlie-kirk-media-bias,0,0,0,1,Low or Initial Rating,NA,NA,NA,NA
Chicago Sun-Times,left-center,2,News Media,632,627,0.501985703,https://www.allsides.com/news-source/chicago-sun-times,0,0,0,1,Medium,NA,https://en.wikipedia.org/wiki/Chicago_Sun-Times,NA,NA
Chicago Tribune,center,3,News Media,1753,3167,0.356300813,https://www.allsides.com/news-source/chicago-tribune,0,0,0,1,Low or Initial Rating,https://twitter.com/@crepeau,https://en.wikipedia.org/wiki/Chicago_Tribune,https://www.facebook.com/chicagotribune,crepeau
Childrenâ€™s Defense Fund,left,1,Think Tank / Policy Group,195,214,0.476772616,https://www.allsides.com/news-source/childrens-defense-fund,0,0,0,0,NA,NA,NA,NA,NA
Chip Bok (cartoonist),right,5,Author,156,145,0.518272425,https://www.allsides.com/news-source/chip-bok-cartoonist,checked,0,0,0,NA,NA,NA,NA,NA
Chris Britt (cartoonist),center,3,Author,148,84,0.637931034,https://www.allsides.com/news-source/chris-britt-cartoonist,checked,0,0,0,NA,NA,NA,NA,NA
Chris Ruddy,right,5,Author,147,213,0.408333333,https://www.allsides.com/news-source/chris-ruddy,0,0,0,1,Low or Initial Rating,NA,NA,NA,NA
Christian Science Monitor,center,3,News Media,9130,12033,0.431413316,https://www.allsides.com/news-source/christian-science-monitor,0,0,0,1,High,https://twitter.com/csmonitor?,https://en.wikipedia.org/wiki/The_Christian_Science_Monitor,https://www.facebook.com/ChristianScienceMonitor/,csmonitor
Christiane Amanpour,left-center,2,Author,317,409,0.436639118,https://www.allsides.com/news-source/christiane-amanpour,0,0,0,1,Low or Initial Rating,NA,NA,NA,NA
Christopher Buskirk,right-center,4,Author,60,55,0.52173913,https://www.allsides.com/news-source/christopher-buskirk-media-bias,0,0,0,1,Low or Initial Rating,NA,NA,NA,NA
Chuck Asay (cartoonist),right,5,Author,181,151,0.545180723,https://www.allsides.com/news-source/chuck-asay-cartoonist,checked,0,0,0,NA,NA,NA,NA,NA
City Journal,right,5,News Media,236,187,0.557919622,https://www.allsides.com/news-source/city-journal-media-bias,0,0,0,0,Low or Initial Rating,https://twitter.com/cityjournal,https://en.wikipedia.org/wiki/City_Journal_(New_York_City),https://www.facebook.com/CityJournal,cityjournal
CivilPolitics.org,center,3,Think Tank / Policy Group,211,210,0.501187648,https://www.allsides.com/news-source/civilpoliticsorg,0,0,0,1,NA,NA,NA,NA,NA
Clay Bennett (cartoonist),left,1,Author,125,93,0.573394495,https://www.allsides.com/news-source/clay-bennett-cartoonist,checked,0,0,0,NA,NA,NA,NA,NA
CNBC,center,3,News Media,1564,3975,0.282361437,https://www.allsides.com/news-source/cnbc,0,0,0,1,Low or Initial Rating,https://twitter.com/CNBC,https://en.wikipedia.org/wiki/CNBC,https://www.facebook.com/cnbc,CNBC
CNET,center,3,News Media,154,136,0.531034483,https://www.allsides.com/news-source/cnet,0,0,0,0,NA,https://twitter.com/CNET,https://en.wikipedia.org/wiki/CNET,https://www.facebook.com/cnet/,CNET
CNN (Web News),left-center,2,News Media,27746,28952,0.489364704,https://www.allsides.com/news-source/cnn-media-bias,1,1,1,1,High,https://twitter.com/@CNN,https://en.wikipedia.org/wiki/CNN,https://facebook.com/cnn,CNN
CNN - Editorial,left,1,News Media,8433,2395,0.778814185,https://www.allsides.com/news-source/cnn-editorial,1,0,0,1,Medium,https://twitter.com/@CNN,https://en.wikipedia.org/wiki/CNN,https://facebook.com/cnn,CNN
CNS News,right,5,News Media,829,686,0.547194719,https://www.allsides.com/news-source/cns-news,0,0,0,0,Low or Initial Rating,https://twitter.com/cnsnews,https://en.wikipedia.org/wiki/CNS_News,https://www.facebook.com/cnsnewscom,cnsnews
CNSNews.com,right,5,News Media,749,639,0.53962536,https://www.allsides.com/news-source/cnsnewscom,0,0,0,1,Low or Initial Rating,https://twitter.com/cnsnews,https://en.wikipedia.org/wiki/CNS_News,https://www.facebook.com/cnsnewscom,cnsnews
Columbia Journalism Review,center,3,News Media,102,210,0.326923077,https://www.allsides.com/news-source/columbia-journalism-review,0,0,0,1,Low or Initial Rating,NA,NA,NA,NA
Commentary Magazine,right,5,News Media,128,132,0.492307692,https://www.allsides.com/news-source/commentary-magazine-media-bias,0,0,0,1,Low or Initial Rating,https://twitter.com/Commentary/,https://en.wikipedia.org/wiki/Commentary_(magazine),https://www.facebook.com/commentarymagazine/,Commentary
Conor Friedersdorf,center,3,Author,12,16,0.428571429,https://www.allsides.com/news-source/conor-friedersdorf-media-bias,0,0,0,1,Low or Initial Rating,NA,NA,NA,NA
Conservative HQ,right,5,News Media,740,327,0.693533271,https://www.allsides.com/news-source/conservative-hq,0,0,0,1,Low or Initial Rating,https://twitter.com/RichardViguerie,https://en.wikipedia.org/wiki/Richard_Viguerie,https://www.facebook.com/ConservativeHQ,RichardViguerie
Cook Report,center,3,News Media,811,490,0.623366641,https://www.allsides.com/news-source/cook-report,0,0,0,0,Low or Initial Rating,NA,NA,NA,NA
Council on Foreign Relations,left,1,Think Tank / Policy Group,111,156,0.415730337,https://www.allsides.com/news-source/council-foreign-relations-0,0,0,0,0,Low or Initial Rating,NA,NA,NA,NA
Countable,center,3,News Media,23,25,0.479166667,https://www.allsides.com/news-source/countable-media-bias,0,0,0,1,High,NA,NA,NA,NA
Counter Currents,left-center,2,News Media,289,200,0.591002045,https://www.allsides.com/news-source/counter-currents,0,0,0,1,Low or Initial Rating,https://twitter.com/countercurrents,NA,https://www.facebook.com/countercurrents/,countercurrents
Counterpointing,allsides,NA,News Media,328,313,0.511700468,https://www.allsides.com/news-source/counterpointing,0,0,0,0,Low or Initial Rating,NA,NA,NA,NA
CrowdPAC,center,3,News Media,341,356,0.489239598,https://www.allsides.com/news-source/crowdpac,0,0,0,1,Low or Initial Rating,NA,NA,NA,NA
CU Independent,center,3,News Media,278,342,0.448387097,https://www.allsides.com/news-source/cu-independent,0,0,0,1,Low or Initial Rating,NA,https://en.wikipedia.org/wiki/CU_Independent,NA,NA
Current Affairs,left,1,News Media,206,79,0.722807018,https://www.allsides.com/news-source/current-affairs-media-bias,0,0,0,1,Low or Initial Rating,NA,NA,NA,NA
Daily Beast,left,1,News Media,7713,4241,0.645223356,https://www.allsides.com/news-source/daily-beast-media-bias,1,1,0,0,NA,https://twitter.com/@thedailybeast,https://en.wikipedia.org/wiki/The_Daily_Beast,https://www.facebook.com/thedailybeast/,thedailybeast
Daily Cardinal,center,3,News Media,339,362,0.483594864,https://www.allsides.com/news-source/daily-cardinal,0,0,0,1,Low or Initial Rating,https://twitter.com/dailycardinal,https://en.wikipedia.org/wiki/The_Daily_Cardinal,https://www.facebook.com/The-Daily-Cardinal-67904168706/?ref=br_rs,dailycardinal
Daily Kos,left,1,News Media,5243,1937,0.730222841,https://www.allsides.com/news-source/daily-kos,0,0,0,0,Low or Initial Rating,https://twitter.com/@Devilstower,https://en.wikipedia.org/wiki/Daily_Kos,https://www.facebook.com/dailykos/,Devilstower
Daily Mail,right,5,News Media,2470,1841,0.572952911,https://www.allsides.com/news-source/daily-mail,0,0,0,1,Medium,https://twitter.com/@RE_DailyMail,"https://en.wikipedia.org/wiki/Daily_Mail
",https://www.facebook.com/DailyMail,RE_DailyMail
Daily Northwestern,left-center,2,News Media,307,320,0.489633174,https://www.allsides.com/news-source/daily-northwestern,0,0,0,0,Low or Initial Rating,NA,NA,NA,NA
Daily Press,right-center,4,News Media,287,385,0.427083333,https://www.allsides.com/news-source/daily-press,0,0,0,1,Low or Initial Rating,https://twitter.com/Daily_Press,https://en.wikipedia.org/wiki/Daily_Press_(Virginia),https://www.facebook.com/dailypressnews/,Daily_Press
Daily Progress,center,3,News Media,352,341,0.507936508,https://www.allsides.com/news-source/daily-progress,checked,0,0,0,NA,NA,https://en.wikipedia.org/wiki/The_Daily_Progress,NA,NA
Daily Targum,left-center,2,News Media,195,335,0.367924528,https://www.allsides.com/news-source/daily-targum,0,0,0,1,Low or Initial Rating,NA,https://en.wikipedia.org/wiki/The_Daily_Targum,NA,NA
Damon Linker,left-center,2,Author,221,237,0.482532751,https://www.allsides.com/news-source/damon-linker,0,0,0,1,Medium,NA,NA,NA,NA
Dan Lucas,right,5,Author,69,51,0.575,https://www.allsides.com/news-source/dan-lucas,0,0,0,0,NA,NA,NA,NA,NA
Dan Wasserman (cartoonist),left,1,Author,52,22,0.702702703,https://www.allsides.com/news-source/dan-wasserman-cartoonist,checked,0,0,0,NA,NA,NA,NA,NA
Dana Milbank,center,3,Author,166,265,0.385150812,https://www.allsides.com/news-source/dana-milbank,checked,0,0,0,NA,NA,NA,NA,NA
Dana Summers (cartoonist),right-center,4,Author,85,86,0.497076023,https://www.allsides.com/news-source/dana-summers-cartoonist,checked,0,0,0,NA,NA,NA,NA,NA
David Brooks,right-center,4,Author,249,314,0.442273535,https://www.allsides.com/news-source/david-brooks,0,0,0,1,Medium,NA,NA,NA,NA
David Holmes,left-center,2,Author,63,52,0.547826087,https://www.allsides.com/news-source/david-holmes,0,0,0,1,Low or Initial Rating,NA,NA,NA,NA
David Ignatius,center,3,Author,111,142,0.438735178,https://www.allsides.com/news-source/david-ignatius,0,0,0,1,Low or Initial Rating,NA,NA,NA,NA
David Leonhardt,left-center,2,Author,70,57,0.551181102,https://www.allsides.com/news-source/david-leonhardt,0,0,0,0,NA,NA,NA,NA,NA
Debra Saunders,right,5,Author,128,107,0.544680851,https://www.allsides.com/news-source/debra-saunders,checked,0,0,0,NA,NA,NA,NA,NA
Defense One,center,3,News Media,156,147,0.514851485,https://www.allsides.com/news-source/defense-one-media-bias,0,0,0,1,Low or Initial Rating,NA,NA,NA,NA
Democracy Now,left,1,News Media,5405,1833,0.746753247,https://www.allsides.com/news-source/democracy-now,0,0,0,1,Low or Initial Rating,https://twitter.com/DemocracyNow,https://en.wikipedia.org/wiki/Democracy_Now!,https://www.facebook.com/democracynow,DemocracyNow
Deseret News,right-center,4,News Media,1037,1685,0.380969875,https://www.allsides.com/news-source/deseret-news,0,0,0,1,Low or Initial Rating,https://twitter.com/DeseretNews?ref_src=twsrcgoogletwcampserptwgrauthor,https://en.wikipedia.org/wiki/Deseret_News,https://www.facebook.com/deseretnews/,DeseretNews
Dick Locher (cartoonist),right,5,Author,19,44,0.301587302,https://www.allsides.com/news-source/dick-locher-cartoonist,checked,0,0,0,NA,NA,NA,NA,NA
Dick Morris,right-center,4,Author,149,204,0.422096317,https://www.allsides.com/news-source/dick-morris,checked,0,0,0,NA,NA,NA,NA,NA
Diplomatic Courier,center,3,News Media,283,218,0.564870259,https://www.allsides.com/news-source/diplomatic-courier,0,0,0,1,Medium,https://twitter.com/diplocourier,https://en.wikipedia.org/wiki/Diplomatic_courier,https://www.facebook.com/diplocourier,diplocourier
Drew Litton (cartoonist),center,3,Author,30,72,0.294117647,https://www.allsides.com/news-source/drew-litton-cartoonist,checked,0,0,0,NA,NA,NA,NA,NA
Drew Sheneman (cartoonist),left,1,Author,57,47,0.548076923,https://www.allsides.com/news-source/drew-sheneman-cartoonist,checked,0,0,0,NA,NA,NA,NA,NA
Drudge Report,right-center,4,News Media,1894,1203,0.611559574,https://www.allsides.com/news-source/drudge-report,0,0,1,1,Medium,https://twitter.com/drudge_report,https://en.wikipedia.org/wiki/Drudge_Report,https://www.facebook.com/newdrudge/,drudge_report
Duke Chronicle,center,3,News Media,328,319,0.506955178,https://www.allsides.com/news-source/duke-chronicle,0,0,0,1,Low or Initial Rating,https://twitter.com/DukeChronicle,http://en.wikipedia.org/wiki/The_Chronicle_(Duke_University),https://www.facebook.com/dukechronicle,DukeChronicle
E J Dionne,left,1,Author,474,379,0.555685815,https://www.allsides.com/news-source/e-j-dionne,0,0,0,0,Low or Initial Rating,NA,NA,NA,NA
Economic Policy Institute,left,1,Think Tank / Policy Group,138,152,0.475862069,https://www.allsides.com/news-source/economic-policy-institute-0,0,0,0,0,NA,NA,NA,NA,NA
Ed Rogers,right,5,Author,108,64,0.627906977,https://www.allsides.com/news-source/ed-rogers,0,0,0,0,NA,NA,NA,NA,NA
EdVotes.org,left,1,Think Tank / Policy Group,87,37,0.701612903,https://www.allsides.com/news-source/edvotesorg,0,0,0,0,NA,NA,NA,NA,NA
Edward Morrissey,right,5,Author,125,123,0.504032258,https://www.allsides.com/news-source/edward-morrissey,checked,0,0,0,NA,NA,NA,NA,NA
Eli Parser,left,1,Author,13,9,0.590909091,https://www.allsides.com/news-source/eli-parser-media-bias,0,0,0,0,Low or Initial Rating,NA,NA,NA,NA
Environmental Defense Fund,left-center,2,Think Tank / Policy Group,242,161,0.600496278,https://www.allsides.com/news-source/environmental-defense-fund,0,0,0,0,NA,NA,NA,NA,NA
Eric Allie (cartoonist),right,5,Author,99,87,0.532258065,https://www.allsides.com/news-source/eric-allie-cartoonist,checked,0,0,0,NA,NA,NA,NA,NA
Erik Wemple,center,3,Author,167,221,0.430412371,https://www.allsides.com/news-source/erik-wemple,0,0,0,1,Low or Initial Rating,NA,NA,NA,NA
Esquire,left,1,News Media,841,460,0.646425826,https://www.allsides.com/news-source/esquire,0,0,0,1,Low or Initial Rating,NA,NA,NA,NA
Estes Park Trail Gazette,center,3,News Media,187,258,0.420224719,https://www.allsides.com/news-source/estes-park-trail-gazette,0,0,0,0,NA,NA,NA,NA,NA
Eugene Robinson,left,1,Author,177,125,0.586092715,https://www.allsides.com/news-source/eugene-robinson,checked,0,0,0,NA,NA,NA,NA,NA
Eurek Alert,center,3,News Media,278,309,0.473594549,https://www.allsides.com/news-source/eurek-alert,0,0,0,0,Low or Initial Rating,https://twitter.com/EurekAlertAAAS,NA,https://www.facebook.com/EurekAlert?_rdr,EurekAlertAAAS
Ezra Klein,left,1,Author,264,197,0.572668113,https://www.allsides.com/news-source/ezra-klein,0,0,0,0,Low or Initial Rating,NA,NA,NA,NA
Fact Checker Blog,center,3,News Media,667,550,0.548069022,https://www.allsides.com/news-source/fact-checker-blog,0,0,0,1,Low or Initial Rating,NA,NA,NA,NA
FactCheck.org,center,3,News Media,5490,4018,0.577408498,https://www.allsides.com/news-source/factcheckorg-media-bias,0,0,0,0,Low or Initial Rating,NA,https://en.wikipedia.org/wiki/FactCheck.org,NA,NA
FAIR,left-center,2,Think Tank / Policy Group,88,112,0.44,https://www.allsides.com/news-source/fairness-and-accuracy-reporting,0,0,0,0,NA,NA,NA,NA,NA
Fair.org,center,3,News Media,420,425,0.49704142,https://www.allsides.com/news-source/fairorg,0,0,0,1,Low or Initial Rating,NA,NA,NA,NA
Falls Church News - Press,left,1,News Media,327,404,0.447332421,https://www.allsides.com/news-source/falls-church-news-press,checked,0,0,0,NA,NA,NA,NA,NA
Family Research Council,right-center,4,Think Tank / Policy Group,277,468,0.371812081,https://www.allsides.com/news-source/family-research-council,0,0,0,0,NA,NA,NA,NA,NA
Fareed Zakaria,center,3,Author,190,377,0.335097002,https://www.allsides.com/news-source/fareed-zakaria,0,0,0,1,Low or Initial Rating,NA,NA,NA,NA
Federation of American Scientists,left-center,2,Think Tank / Policy Group,179,206,0.464935065,https://www.allsides.com/news-source/federation-american-scientists,0,0,0,0,Low or Initial Rating,NA,NA,NA,NA
Financial Times,center,3,News Media,340,216,0.611510791,https://www.allsides.com/news-source/financial-times-media-bias,1,0,0,1,Low or Initial Rating,NA,NA,NA,NA
Fiscal Times,right-center,4,News Media,653,525,0.554329372,https://www.allsides.com/news-source/fiscal-times,0,0,0,1,Low or Initial Rating,NA,NA,NA,NA
FiveThirtyEight,center,3,News Media,3326,2019,0.622263798,https://www.allsides.com/news-source/fivethirtyeight-0,0,0,0,1,Low or Initial Rating,https://twitter.com/FiveThirtyEight,https://en.wikipedia.org/wiki/FiveThirtyEight,https://www.facebook.com/fivethirtyeight,FiveThirtyEight
Food Democracy Now,left-center,2,Think Tank / Policy Group,111,105,0.513888889,https://www.allsides.com/news-source/food-democracy-now,0,0,0,0,NA,NA,NA,NA,NA
Forbes,center,3,News Media,3972,2443,0.619173811,https://www.allsides.com/news-source/forbes,0,0,0,0,NA,https://twitter.com/forbes/,https://en.wikipedia.org/wiki/Forbes,https://www.facebook.com/forbes/,forbes
Foreign Affairs,center,3,News Media,771,427,0.643572621,https://www.allsides.com/news-source/foreign-affairs,0,0,0,1,Low or Initial Rating,https://twitter.com/ForeignAffairs?ref_src=twsrc%5Egoogle%7Ctwcamp%5Eserp%7Ctwgr%5Eauthor,https://en.wikipedia.org/wiki/Foreign_Affairs,https://www.facebook.com/ForeignAffairs/,ForeignAffairs
Fox News Latino,right,5,News Media,1587,841,0.653624382,https://www.allsides.com/news-source/fox-news-latino,checked,0,0,0,Low or Initial Rating,NA,NA,NA,NA
Fox News Opinion,right,5,News Media,6195,1550,0.799870884,https://www.allsides.com/news-source/fox-news-editorial-media-bias,1,0,0,0,Low or Initial Rating,https://twitter.com/FoxNews,https://en.wikipedia.org/wiki/Fox_News,https://www.facebook.com/FoxNews/,FoxNews
Fox Online News,right,5,News Media,22692,32082,0.414284149,https://www.allsides.com/news-source/fox-news-media-bias,1,1,0,1,High,https://twitter.com/FoxNews,https://en.wikipedia.org/wiki/Fox_News,https://www.facebook.com/FoxNews/,FoxNews
Frank Bruni,left-center,2,Author,64,90,0.415584416,https://www.allsides.com/news-source/frank-bruni,0,0,0,1,Low or Initial Rating,NA,NA,NA,NA
Frank Miniter,right,5,Author,276,272,0.503649635,https://www.allsides.com/news-source/frank-miniter,0,0,0,0,Low or Initial Rating,NA,NA,NA,NA
Freakonomics,center,3,Think Tank / Policy Group,295,200,0.595959596,https://www.allsides.com/news-source/freakonomics,0,0,0,0,NA,NA,NA,NA,NA
Freedom House,right-center,4,Think Tank / Policy Group,92,131,0.412556054,https://www.allsides.com/news-source/freedom-house,0,0,0,1,Low or Initial Rating,NA,NA,NA,NA
Froma Harrop,left-center,2,Author,61,51,0.544642857,https://www.allsides.com/news-source/froma-harrop,checked,0,0,0,NA,NA,NA,NA,NA
FrontPage Magazine,right,5,News Media,443,344,0.562897078,https://www.allsides.com/news-source/frontpage-magazine,checked,0,0,0,Medium,NA,NA,NA,NA
Gary Markstein (cartoonist),center,3,Author,36,65,0.356435644,https://www.allsides.com/news-source/gary-markstein-cartoonist,checked,0,0,0,NA,NA,NA,NA,NA
Gary Varvel (cartoonist),right,5,Author,36,14,0.72,https://www.allsides.com/news-source/gary-varvel-cartoonist,checked,0,0,0,NA,NA,NA,NA,NA
Gell,allsides,NA,Think Tank / Policy Group,27,13,0.675,https://www.allsides.com/news-source/gell-media-bias,0,0,0,1,Medium,NA,NA,NA,NA
George Will,right,5,Author,403,556,0.420229406,https://www.allsides.com/news-source/george-will,0,0,0,1,NA,NA,NA,NA,NA
Glenn Beck,right,5,Author,510,183,0.735930736,https://www.allsides.com/news-source/glenn-beck,0,0,0,1,Low or Initial Rating,NA,NA,NA,NA
Glenn McCoy (cartoonist),right,5,Author,24,18,0.571428571,https://www.allsides.com/news-source/glenn-mccoy-cartoonist,checked,0,0,0,NA,NA,NA,NA,NA
Google News,left-center,2,News Media,167,85,0.662698413,https://www.allsides.com/news-source/google-news-media-bias,1,0,0,1,Medium,https://twitter.com/Google,https://en.wikipedia.org/wiki/Google,https://www.facebook.com/Google/,Google
GOP.gov,right,5,Think Tank / Policy Group,375,189,0.664893617,https://www.allsides.com/news-source/gopgov,0,0,0,0,NA,NA,NA,NA,NA
Grist,left-center,2,News Media,409,461,0.470114943,https://www.allsides.com/news-source/grist,checked,0,0,0,NA,NA,NA,NA,NA
Grover Norquist,right,5,Author,237,63,0.79,https://www.allsides.com/news-source/grover-norquist,0,0,0,0,NA,NA,NA,NA,NA
Guest Writer - Center,center,3,Author,2,4,0.333333333,https://www.allsides.com/news-source/guest-writer-center-media-bias,0,0,0,0,High,NA,NA,NA,NA
Guest Writer - Left,left-center,2,Author,144,247,0.368286445,https://www.allsides.com/news-source/guest-writer-left,0,0,0,0,Medium,NA,NA,NA,NA
Guest Writer - Right,right-center,4,Author,200,307,0.394477318,https://www.allsides.com/news-source/guest-writer-right,0,0,0,0,Medium,NA,NA,NA,NA
Hampton Roads Messanger,center,3,News Media,332,331,0.500754148,https://www.allsides.com/news-source/hampton-roads-messanger,checked,0,0,0,NA,NA,NA,NA,NA
Harvard Business School,left-center,2,News Media,612,708,0.463636364,https://www.allsides.com/news-source/harvard-business-school,0,0,0,1,Low or Initial Rating,NA,NA,NA,NA
Healthcare.gov,left-center,2,Think Tank / Policy Group,177,339,0.343023256,https://www.allsides.com/news-source/healthcaregov,0,0,0,0,NA,NA,NA,NA,NA
Heather Mac Donald,right,5,Author,44,80,0.35483871,https://www.allsides.com/news-source/heather-mcdonald,0,0,0,1,Medium,NA,NA,NA,NA
Henry A. Brechter,center,3,Author,11,7,0.611111111,https://www.allsides.com/news-source/henry-brechter-media-bias,1,0,0,1,Medium,NA,NA,NA,NA
Henry Payne (cartoonist),right,5,Author,56,79,0.414814815,https://www.allsides.com/news-source/henry-payne-cartoonist,checked,0,0,0,NA,NA,NA,NA,NA
Herald Democrat,left,1,News Media,398,304,0.566951567,https://www.allsides.com/news-source/herald-democrat-0,0,0,0,1,Low or Initial Rating,NA,NA,NA,NA
Hirsh Joshi,left-center,2,Author,0,0,NaN,https://www.allsides.com/news-source/hirsh-joshi-media-bias,0,0,0,0,NA,NA,NA,NA,NA
Honolulu Civil Beat,center,3,News Media,270,371,0.421216849,https://www.allsides.com/news-source/honolulu-civil-beat,0,0,0,0,Low or Initial Rating,NA,NA,NA,NA
HotAir,right-center,4,News Media,941,840,0.528354857,https://www.allsides.com/news-source/hotair,0,0,0,1,Low or Initial Rating,https://twitter.com/hotairblog,https://en.wikipedia.org/wiki/Hot_Air,https://facebook.com/hotaircom,hotairblog
How Do We Fix It?,center,3,News Media,554,548,0.502722323,https://www.allsides.com/news-source/how-do-we-fix-it,0,0,0,1,Medium,https://twitter.com/fixitshow,NA,https://www.facebook.com/profile.php?id=100009480370928,fixitshow
Howard Kurtz,center,3,News Media,24,22,0.52173913,https://www.allsides.com/news-source/howard-kurtz-media-bias,0,0,0,0,Low or Initial Rating,NA,NA,NA,NA
Howard Kurtz,center,3,Author,372,286,0.565349544,https://www.allsides.com/news-source/howard-kurtz,0,0,0,1,Low or Initial Rating,NA,NA,NA,NA
HuffPost,left,1,News Media,20470,19857,0.507600367,https://www.allsides.com/news-source/huffpost-media-bias,1,1,1,1,High,https://twitter.com/HuffPost,https://en.wikipedia.org/wiki/HuffPost,https://www.facebook.com/HuffPost,HuffPost
Inacow,right,5,News Media,330,221,0.598911071,https://www.allsides.com/news-source/inacow,0,0,0,1,Low or Initial Rating,https://twitter.com/inacowcom,NA,https://www.facebook.com/inacowcom,inacowcom
Independent Institute,right-center,4,Think Tank / Policy Group,164,200,0.450549451,https://www.allsides.com/news-source/independent-institute,0,0,0,1,Medium,https://twitter.com/IndependentInst,https://en.wikipedia.org/wiki/Independent_Institute,https://www.facebook.com/independentinstitute,IndependentInst
Independent Journal Review,right-center,4,News Media,1143,1045,0.522394881,https://www.allsides.com/news-source/independent-journal-review,0,0,0,1,Medium,https://twitter.com/ijreview,NA,https://www.facebook.com/IjReview,ijreview
Indiana Daily Student,center,3,News Media,233,310,0.429097606,https://www.allsides.com/news-source/indiana-daily-student,0,0,0,1,Low or Initial Rating,NA,NA,NA,NA
Indy Online,center,3,News Media,225,252,0.471698113,https://www.allsides.com/news-source/indy-online,0,0,0,0,Low or Initial Rating,NA,NA,NA,NA
Indy Week,left-center,2,News Media,255,300,0.459459459,https://www.allsides.com/news-source/indy-week,0,0,0,1,Low or Initial Rating,NA,NA,NA,NA
InfoWars,right,5,News Media,4079,931,0.814171657,https://www.allsides.com/news-source/infowars,0,0,0,1,Medium,https://twitter.com/infowars,"https://en.wikipedia.org/wiki/Alex_Jones_(radio_host) This is the page for Alex Jones//
https://en.wikipedia.org/wiki/InfoWars Page for Infowars",https://www.facebook.com/InfoWars-80256732576/,infowars
Inside Philanthropy,center,3,News Media,256,272,0.484848485,https://www.allsides.com/news-source/inside-philanthropy,0,0,0,0,NA,NA,NA,NA,NA
Intellectual Conservative,right-center,4,News Media,317,327,0.492236025,https://www.allsides.com/news-source/intellectual-conservative,0,0,0,0,NA,NA,NA,NA,NA
International Business Times,center,3,News Media,945,705,0.572727273,https://www.allsides.com/news-source/international-business-times,checked,0,0,0,NA,NA,https://en.wikipedia.org/wiki/International_Business_Times,NA,NA
Investor's Business Daily,right-center,4,News Media,1067,850,0.556598852,https://www.allsides.com/news-source/investors-business-daily,0,0,0,1,Low or Initial Rating,NA,https://en.wikipedia.org/wiki/Investor%27s_Business_Daily,NA,NA
IVN,center,3,News Media,371,359,0.508219178,https://www.allsides.com/news-source/ivn,0,0,0,1,Medium,https://twitter.com/ivn,NA,https://www.facebook.com/IVN,ivn
Jack Ohman (cartoonist),left,1,Author,38,26,0.59375,https://www.allsides.com/news-source/jack-ohman-cartoonist,checked,0,0,0,NA,NA,NA,NA,NA
Jack Welch,right-center,4,Author,78,58,0.573529412,https://www.allsides.com/news-source/jack-welch,checked,0,0,0,NA,NA,NA,NA,NA
Jacobin,left,1,News Media,461,74,0.861682243,https://www.allsides.com/news-source/jacobin-media-bias,0,0,0,1,Low or Initial Rating,NA,NA,NA,NA
James Hohmann,right-center,4,Author,27,37,0.421875,https://www.allsides.com/news-source/james-hohmann,checked,0,0,0,NA,NA,NA,NA,NA
James Pethokoukis,right-center,4,Author,59,67,0.468253968,https://www.allsides.com/news-source/james-pethokoukis,0,0,0,1,Low or Initial Rating,NA,NA,NA,NA
James Poulos,right,5,Author,47,27,0.635135135,https://www.allsides.com/news-source/james-poulos,0,0,0,1,Low or Initial Rating,NA,NA,NA,NA
Jeff Danziger (cartoonist),left,1,Author,39,39,0.5,https://www.allsides.com/news-source/jeff-danziger-cartoonist,checked,0,0,0,NA,NA,NA,NA,NA
Jeff Jacoby,right,5,Author,69,48,0.58974359,https://www.allsides.com/news-source/jeff-jacoby,0,0,0,1,Low or Initial Rating,NA,NA,NA,NA
Jeff Stahler (cartoonist),left,1,Author,51,32,0.614457831,https://www.allsides.com/news-source/jeff-stahler-cartoonist,checked,0,0,0,NA,NA,NA,NA,NA
Jen Sorensen (cartoonist),left,1,Author,47,29,0.618421053,https://www.allsides.com/news-source/jen-sorensen-cartoonist,checked,0,0,0,NA,NA,NA,NA,NA
Jennifer Rubin,left-center,2,Author,111,189,0.37,https://www.allsides.com/news-source/jennifer-rubin,0,0,0,0,NA,NA,NA,NA,NA
Jeremy E Sherman,left-center,2,Author,11,11,0.5,https://www.allsides.com/news-source/jeremy-e-sherman-media-bias,0,0,0,1,Low or Initial Rating,NA,NA,NA,NA
Jerry Bowyer,right,5,Author,123,217,0.361764706,https://www.allsides.com/news-source/jerry-bowyer,checked,0,0,0,Low or Initial Rating,NA,NA,NA,NA
Jerry Holbert (cartoonist),right,5,Author,41,36,0.532467532,https://www.allsides.com/news-source/jerry-holbert-cartoonist,checked,0,0,0,NA,NA,NA,NA,NA
Jesse Jackson,left,1,Author,312,54,0.852459016,https://www.allsides.com/news-source/jesse-jackson,0,0,0,1,Medium,NA,NA,NA,NA
Jezebel,left,1,News Media,63,21,0.75,https://www.allsides.com/news-source/jezebel-media-bias,0,0,0,1,Low or Initial Rating,NA,NA,NA,NA
Jim Morin (cartoonist),left,1,Author,26,9,0.742857143,https://www.allsides.com/news-source/jim-morin-cartoonist,checked,0,0,0,NA,NA,NA,NA,NA
Jim Rutenberg,left-center,2,Author,48,43,0.527472527,https://www.allsides.com/news-source/jim-rutenberg,0,0,0,0,NA,NA,NA,NA,NA
Joan Blades,left,1,Author,41,74,0.356521739,https://www.allsides.com/news-source/joan-blades,0,0,0,1,Low or Initial Rating,NA,NA,NA,NA
Joe Scarborough,right-center,4,Author,131,548,0.192930781,https://www.allsides.com/news-source/joe-scarborough,0,0,0,0,NA,NA,NA,NA,NA
Joel Pett (cartoonist),left,1,Author,46,42,0.522727273,https://www.allsides.com/news-source/joel-pett-cartoonist,checked,0,0,0,NA,NA,NA,NA,NA
John Boehner,right,5,Author,153,235,0.394329897,https://www.allsides.com/news-source/john-boehner,0,0,0,0,Low or Initial Rating,NA,NA,NA,NA
John Deering (cartoonist),center,3,Author,34,41,0.453333333,https://www.allsides.com/news-source/john-deering-cartoonist,checked,0,0,0,NA,NA,NA,NA,NA
John Fund,right-center,4,Author,79,97,0.448863636,https://www.allsides.com/news-source/john-fund,0,0,0,1,Low or Initial Rating,NA,NA,NA,NA
"John Gable, AllSides Founder",right-center,4,Author,103,133,0.436440678,https://www.allsides.com/news-source/john-gable,1,0,0,1,Medium,NA,NA,NA,NA
John K. Herr,right-center,4,Author,37,32,0.536231884,https://www.allsides.com/news-source/john-k-herr,checked,0,0,0,NA,NA,NA,NA,NA
John Pudner,right,5,Author,50,74,0.403225806,https://www.allsides.com/news-source/john-pudner,0,0,0,1,Medium,NA,NA,NA,NA
John Stossel,right-center,4,Author,454,373,0.548972189,https://www.allsides.com/news-source/john-stossel,0,0,0,1,Medium,NA,NA,NA,NA
Jon Terbush,left-center,2,Author,89,126,0.413953488,https://www.allsides.com/news-source/jon-terbush,0,0,0,1,Low or Initial Rating,NA,NA,NA,NA
Jonah Goldberg,right,5,Author,15,22,0.405405405,https://www.allsides.com/news-source/jonah-goldberg-media-bias,0,0,0,1,Low or Initial Rating,NA,NA,NA,NA
Jonathan Chait,left,1,Author,79,72,0.523178808,https://www.allsides.com/news-source/jonathan-chait,0,0,0,1,Medium,NA,NA,NA,NA
Jonathan Miller,left,1,Author,53,57,0.481818182,https://www.allsides.com/news-source/jonathan-miller,0,0,0,1,Medium,NA,NA,NA,NA
Journalist's Resource,center,3,News Media,218,253,0.462845011,https://www.allsides.com/news-source/journalists-resource,0,0,0,1,Low or Initial Rating,https://twitter.com/journoresource,"https://en.wikipedia.org/wiki/Shorenstein_Center_on_Media,_Politics_and_Public_Policy",NA,journoresource
Juan Williams,left-center,2,Author,293,270,0.520426288,https://www.allsides.com/news-source/juan-williams,0,0,0,0,NA,NA,NA,NA,NA
Jubilee Media,center,3,News Media,108,82,0.568421053,https://www.allsides.com/news-source/jubilee-media-bias,0,0,0,1,NA,NA,NA,NA,NA
Judicial Watch,right-center,4,News Media,969,1100,0.468342194,https://www.allsides.com/news-source/judicial-watch,0,0,0,1,Low or Initial Rating,https://twitter.com/@TomFitton,https://en.wikipedia.org/wiki/Judicial_Watch,https://www.facebook.com/JudicialWatch,TomFitton
Julian Zelizer,left-center,2,Author,109,138,0.441295547,https://www.allsides.com/news-source/julian-zelizer,checked,0,0,0,Low or Initial Rating,NA,NA,NA,NA
Kathleen Parker,right-center,4,Author,161,100,0.616858238,https://www.allsides.com/news-source/kathleen-parker,checked,0,0,0,NA,NA,NA,NA,NA
KATU,center,3,News Media,7,10,0.411764706,https://www.allsides.com/news-source/katu-media-bias,0,0,0,0,Low or Initial Rating,NA,NA,NA,NA
Ken Catalino (cartoonist),right,5,Author,13,18,0.419354839,https://www.allsides.com/news-source/ken-catalino-cartoonist,checked,0,0,0,NA,NA,NA,NA,NA
Kevin Kallaugher (cartoonist),left-center,2,Author,16,13,0.551724138,https://www.allsides.com/news-source/kevin-kallaugher-cartoonist,0,0,0,0,Low or Initial Rating,NA,NA,NA,NA
Kimberley A. Strassel,right,5,Author,128,87,0.595348837,https://www.allsides.com/news-source/kimberley-strassel,checked,0,0,0,NA,NA,NA,NA,NA
Kirsten Powers,left-center,2,Author,57,39,0.59375,https://www.allsides.com/news-source/kirsten-powers-media-bias,0,0,0,1,Low or Initial Rating,NA,NA,NA,NA
KQED,center,3,News Media,396,330,0.545454545,https://www.allsides.com/news-source/kqed,0,0,0,0,Low or Initial Rating,NA,https://en.wikipedia.org/wiki/KQED,NA,NA
KSL,right,5,News Media,804,603,0.571428571,https://www.allsides.com/news-source/ksl,0,0,0,1,Low or Initial Rating,NA,NA,NA,NA
Lalo Alcaraz (cartoonist),left,1,Author,17,11,0.607142857,https://www.allsides.com/news-source/lalo-alcaraz-cartoonist,checked,0,0,0,NA,NA,NA,NA,NA
Lanhee Chen,right,5,Author,45,66,0.405405405,https://www.allsides.com/news-source/lanhee-chen,0,0,0,1,Low or Initial Rating,NA,NA,NA,NA
Las Vegas Sun,left-center,2,News Media,225,234,0.490196078,https://www.allsides.com/news-source/las-vegas-sun,0,0,0,1,Low or Initial Rating,NA,NA,NA,NA
Laura Rose Junco,center,3,Author,1,4,0.2,https://www.allsides.com/news-source/laura-rose-junco-media-bias,0,0,0,0,Low or Initial Rating,NA,NA,NA,NA
Lauren Duca,left,1,Author,58,31,0.651685393,https://www.allsides.com/news-source/lauren-duca,0,0,0,1,Low or Initial Rating,NA,NA,NA,NA
Leesburg Today,right-center,4,News Media,164,137,0.544850498,https://www.allsides.com/news-source/leesburg-today,0,0,0,1,Low or Initial Rating,NA,NA,NA,NA
Left - Major Media Sources,left,1,News Media,513,380,0.574468085,https://www.allsides.com/news-source/left-major-publications,checked,0,0,0,NA,NA,NA,NA,NA
Left Guest Commentaries,left,1,Author,86,96,0.472527473,https://www.allsides.com/news-source/left-guest-commentaries,checked,0,0,0,NA,NA,NA,NA,NA
Leonard Pitts Jr,left,1,Author,68,59,0.535433071,https://www.allsides.com/news-source/leonard-pitts-jr,0,0,0,1,Low or Initial Rating,NA,NA,NA,NA
Lifehacker,center,3,News Media,253,248,0.50499002,https://www.allsides.com/news-source/lifehacker,0,0,0,1,Low or Initial Rating,NA,https://en.wikipedia.org/wiki/Lifehacker,NA,NA
Lisa Benson (cartoonist),right,5,Author,43,42,0.505882353,https://www.allsides.com/news-source/lisa-benson-cartoonist,checked,0,0,0,NA,NA,NA,NA,NA
Lisa Gable,right,5,Author,20,17,0.540540541,https://www.allsides.com/news-source/lisa-gable-media-bias,0,0,0,1,Low or Initial Rating,NA,NA,NA,NA
Listen First Project,allsides,NA,News Media,82,61,0.573426573,https://www.allsides.com/news-source/listen-first-project-media-bias,0,0,0,1,High,https://twitter.com/ListenFirstProj,NA,https://www.facebook.com/ListenFirstProject/,ListenFirstProj
Live Action News,right-center,4,News Media,217,139,0.609550562,https://www.allsides.com/news-source/live-action-news,0,0,0,1,Low or Initial Rating,https://twitter.com/liveactionnews,https://en.wikipedia.org/wiki/Live_Action_(organization),https://www.facebook.com/liveactionnewsonline,liveactionnews
Living Room Conversations,allsides,NA,News Media,1031,1327,0.437234945,https://www.allsides.com/news-source/living-room-conversations,0,0,0,1,High,https://twitter.com/LivingRoomConvo,NA,https://www.facebook.com/LivingRoomConversations/,LivingRoomConvo
Longmont Times-Call,left-center,2,News Media,123,131,0.484251969,https://www.allsides.com/news-source/longmont-times-call,0,0,0,0,NA,NA,NA,NA,NA
Los Angeles Times,left-center,2,News Media,4030,2974,0.575385494,https://www.allsides.com/news-source/los-angeles-times-bias,0,0,0,1,Low or Initial Rating,https://twitter.com/@TarynLuna,https://en.wikipedia.org/wiki/Los_Angeles_Times,https://www.facebook.com/latimes/,TarynLuna
Louisville Courier-Journal,left-center,2,News Media,155,146,0.514950166,https://www.allsides.com/news-source/louisville-courier-journal,0,0,0,0,Low or Initial Rating,NA,https://en.wikipedia.org/wiki/The_Courier-Journal,NA,NA
Manhattan Institute,right-center,4,Think Tank / Policy Group,147,235,0.384816754,https://www.allsides.com/news-source/manhattan-institute,0,0,0,0,NA,NA,NA,NA,NA
Marc A. Thiessen,right,5,Author,210,169,0.55408971,https://www.allsides.com/news-source/marc-thiessen,0,0,0,0,NA,NA,NA,NA,NA
Mark Gerzon,center,3,Author,18,22,0.45,https://www.allsides.com/news-source/mark-gerzon,0,0,0,0,Low or Initial Rating,NA,NA,NA,NA
Mark Mix,right,5,Author,87,59,0.595890411,https://www.allsides.com/news-source/mark-mix,0,0,0,0,NA,NA,NA,NA,NA
Mark Morford,left,1,Author,22,13,0.628571429,https://www.allsides.com/news-source/morford-mark,checked,0,0,0,NA,NA,NA,NA,NA
MarketWatch,right-center,4,News Media,29,48,0.376623377,https://www.allsides.com/news-source/marketwatch-media-bias,0,0,0,1,Low or Initial Rating,"
https://twitter.com/MarketWatch",https://en.wikipedia.org/wiki/MarketWatch,"
https://www.facebook.com/marketwatch/",MarketWatch
Marshall Ramsey (cartoonist),center,3,Author,52,41,0.559139785,https://www.allsides.com/news-source/marshall-ramsey-cartoonist,checked,0,0,0,NA,NA,NA,NA,NA
Mary O'Grady,right,5,Author,27,37,0.421875,https://www.allsides.com/news-source/mary-ogrady,0,0,0,0,NA,NA,NA,NA,NA
Mashable,left,1,News Media,342,120,0.74025974,https://www.allsides.com/news-source/mashable,0,0,0,1,Low or Initial Rating,NA,NA,NA,NA
Matt Bors (cartoonist),left,1,Author,30,10,0.75,https://www.allsides.com/news-source/matt-bors-cartoonist,checked,0,0,0,NA,NA,NA,NA,NA
Matt Davies (cartoonist),left,1,Author,70,35,0.666666667,https://www.allsides.com/news-source/matt-davies-cartoonist,checked,0,0,0,NA,NA,NA,NA,NA
Matt Drudge,right,5,Author,205,156,0.567867036,https://www.allsides.com/news-source/matt-drudge,0,0,0,0,Medium,NA,NA,NA,NA
Matt Towery,right-center,4,Author,45,41,0.523255814,https://www.allsides.com/news-source/matt-towery,checked,0,0,0,NA,NA,NA,NA,NA
Matt Welch,right-center,4,Author,49,107,0.314102564,https://www.allsides.com/news-source/matt-welch,0,0,0,0,Low or Initial Rating,NA,NA,NA,NA
Matt Wuerker (cartoonist),left,1,Author,58,34,0.630434783,https://www.allsides.com/news-source/matt-wuerker-cartoonist,checked,0,0,0,NA,NA,NA,NA,NA
Maureen Dowd,center,3,Author,95,261,0.266853933,https://www.allsides.com/news-source/maureen-dowd,0,0,0,1,Low or Initial Rating,NA,NA,NA,NA
McClatchyDC,center,3,News Media,9,10,0.473684211,https://www.allsides.com/news-source/mcclatchydc-media-bias,0,0,0,1,Low or Initial Rating,https://twitter.com/McClatchyDC?ref_src=twsrc%5Egoogle%7Ctwcamp%5Eserp%7Ctwgr%5Eauthor,https://en.wikipedia.org/wiki/McClatchy,https://www.facebook.com/McClatchyDCBureau/,McClatchyDC
Media Matters,left,1,News Media,2368,1494,0.613153806,https://www.allsides.com/news-source/media-matters-bias,0,0,0,0,NA,https://twitter.com/mmfa,https://en.wikipedia.org/wiki/Media_Matters_for_America,https://www.facebook.com/Mediamatters/?ref=br_rs,mmfa
Media Research Center,right,5,News Media,1238,1526,0.447901592,https://www.allsides.com/news-source/media-research-center,0,0,0,0,NA,NA,NA,NA,NA
Mediaite,left-center,2,News Media,615,631,0.493579454,https://www.allsides.com/news-source/mediaite-bias,0,0,0,1,Low or Initial Rating,https://twitter.com/@mediaite,https://en.wikipedia.org/wiki/Mediaite,https://www.facebook.com/mediaite/,mediaite
Miami Herald,left-center,2,News Media,231,255,0.475308642,https://www.allsides.com/news-source/miami-herald,0,0,0,1,Low or Initial Rating,https://twitter.com/MiamiHerald,https://en.wikipedia.org/wiki/Miami_Herald,https://www.facebook.com/miamiherald,MiamiHerald
Michael Barone,right-center,4,Author,106,83,0.560846561,https://www.allsides.com/news-source/michael-barone,checked,0,0,0,NA,NA,NA,NA,NA
Michael Brendan Dougherty,right-center,4,Author,72,78,0.48,https://www.allsides.com/news-source/michael-brendan-dougherty,0,0,0,0,Low or Initial Rating,NA,NA,NA,NA
Michael Gerson,right-center,4,Author,123,106,0.537117904,https://www.allsides.com/news-source/michael-gerson,checked,0,0,0,NA,NA,NA,NA,NA
Michael Goodwin,right,5,Author,44,29,0.602739726,https://www.allsides.com/news-source/michael-goodwin,0,0,0,1,Low or Initial Rating,NA,NA,NA,NA
Michael Graham,right,5,Author,8,14,0.363636364,https://www.allsides.com/news-source/michael-graham-media-bias,0,0,0,1,Low or Initial Rating,NA,NA,NA,NA
Michael Kinsley,left,1,Author,71,55,0.563492063,https://www.allsides.com/news-source/michael-kinsley,0,0,0,1,Medium,NA,NA,NA,NA
Michael Medved,right,5,Author,88,103,0.460732984,https://www.allsides.com/news-source/michael-medved,0,0,0,1,Low or Initial Rating,NA,NA,NA,NA
Michael Ramirez (cartoonist),right,5,Author,41,51,0.445652174,https://www.allsides.com/news-source/michael-ramirez-cartoonist,checked,0,0,0,NA,NA,NA,NA,NA
Michelle Alexander,left-center,2,Author,20,20,0.5,https://www.allsides.com/news-source/michelle-alexander-media-bias,0,0,0,1,Low or Initial Rating,NA,NA,NA,NA
Michelle Malkin,right,5,Author,332,179,0.649706458,https://www.allsides.com/news-source/michelle-malkin,0,0,0,0,NA,NA,NA,NA,NA
MichelleMalkin.com,right,5,News Media,491,234,0.677241379,https://www.allsides.com/news-source/michellemalkincom,0,0,0,1,NA,NA,https://en.wikipedia.org/wiki/MichelleMalkin.com,NA,NA
Michigan Daily,left-center,2,News Media,187,164,0.532763533,https://www.allsides.com/news-source/michigan-daily,0,0,0,0,Low or Initial Rating,NA,NA,NA,NA
Mike Lester (cartoonist),right,5,Author,14,7,0.666666667,https://www.allsides.com/news-source/mike-lester-cartoonist,checked,0,0,0,NA,NA,NA,NA,NA
Mike Luckovich (cartoonist),left,1,Author,72,59,0.549618321,https://www.allsides.com/news-source/mike-luckovich-cartoonist,checked,0,0,0,NA,NA,NA,NA,NA
Mike Thompson (cartoonist),center,3,Author,40,55,0.421052632,https://www.allsides.com/news-source/mike-thompson-cartoonist,checked,0,0,0,NA,NA,NA,NA,NA
Mismatch.org,allsides,NA,News Media,38,54,0.413043478,https://www.allsides.com/news-source/mismatchorg-media-bias,0,0,0,1,High,NA,NA,NA,NA
MIT News,center,3,News Media,180,145,0.553846154,https://www.allsides.com/news-source/mit-news,0,0,0,1,Low or Initial Rating,https://twitter.com/mit,NA,https://www.facebook.com/MITnews,mit
Morgan Jacobsen,center,3,Author,56,78,0.417910448,https://www.allsides.com/news-source/morgan-jacobsen,0,0,0,0,NA,NA,NA,NA,NA
Mother Jones,left,1,News Media,5412,1010,0.842728122,https://www.allsides.com/news-source/mother-jones-bias,0,0,0,0,NA,https://twitter.com/MotherJones,https://en.wikipedia.org/wiki/Mother_Jones_(magazine),https://www.facebook.com/motherjones/,MotherJones
MSNBC,left,1,News Media,5681,1923,0.747106786,https://www.allsides.com/news-source/msnbc,0,0,1,1,Medium,https://twitter.com/@MSNBC,https://en.wikipedia.org/wiki/MSNBC,https://www.facebook.com/msnbc/,MSNBC
MTV News Online,left-center,2,News Media,29,37,0.439393939,https://www.allsides.com/news-source/mtv-news-online-media-bias,0,0,0,1,NA,NA,NA,NA,NA
National Committee to Preserve Social Security and Medicare,left,1,Think Tank / Policy Group,184,187,0.495956873,https://www.allsides.com/news-source/national-committee-preserve-social-security-and-medicare,0,0,0,0,NA,NA,NA,NA,NA
National Interest,center,3,Think Tank / Policy Group,127,165,0.434931507,https://www.allsides.com/news-source/national-interest,0,0,0,1,Low or Initial Rating,NA,https://en.wikipedia.org/wiki/The_National_Interest,NA,NA
National Journal,center,3,News Media,899,647,0.581500647,https://www.allsides.com/news-source/national-journal,0,0,0,0,NA,NA,NA,NA,NA
National Review,right,5,News Media,9338,4448,0.677353837,https://www.allsides.com/news-source/national-review,0,0,0,1,Medium,https://twitter.com/NRO,https://en.wikipedia.org/wiki/National_Review,https://www.facebook.com/nationalreview/,NRO
NBC Today Show,left-center,2,News Media,1026,1172,0.466787989,https://www.allsides.com/news-source/nbc-today-show,checked,0,0,0,NA,https://twitter.com/@TODAYshow,https://en.wikipedia.org/wiki/TODAY.com,NA,TODAYshow
NBCNews.com,left-center,2,News Media,4221,5408,0.438363278,https://www.allsides.com/news-source/nbc-news-media-bias,0,0,1,1,Medium,https://twitter.com/@JoshNBCNews,https://en.wikipedia.org/wiki/NBC_News,https://www.facebook.com/NBCNews/,JoshNBCNews
Neil J. Young,left-center,2,Author,6,12,0.333333333,https://www.allsides.com/news-source/neil-j-young-media-bias,0,0,0,1,Low or Initial Rating,NA,NA,NA,NA
New Economy Working Group,left-center,2,Think Tank / Policy Group,98,67,0.593939394,https://www.allsides.com/news-source/new-economy-working-group,0,0,0,0,NA,NA,NA,NA,NA
New Republic,left,1,News Media,1254,673,0.650752465,https://www.allsides.com/news-source/new-republic,0,0,0,1,Low or Initial Rating,https://twitter.com/newrepublic,https://en.wikipedia.org/wiki/The_New_Republic,https://www.facebook.com/newrepublic/,newrepublic
New York Daily News,left,1,News Media,1015,450,0.692832765,https://www.allsides.com/news-source/new-york-daily-news,0,0,0,1,Low or Initial Rating,NA,NA,NA,NA
New York Magazine,left,1,News Media,1711,785,0.685496795,https://www.allsides.com/news-source/new-york-magazine,0,0,0,1,Low or Initial Rating,https://twitter.com/Intelligencer,https://en.wikipedia.org/wiki/New_York_(magazine),"
https://www.facebook.com/NewYorkMag",Intelligencer
New York Post,right,5,News Media,3669,2522,0.592634469,https://www.allsides.com/news-source/new-york-post,0,0,0,1,Low or Initial Rating,https://twitter.com/@nypost,https://en.wikipedia.org/wiki/New_York_Post,https://www.facebook.com/NYPost/,nypost
New York Times - News,right-center,4,News Media,15675,25234,0.383167518,https://www.allsides.com/news-source/new-york-times,1,1,1,1,High,https://twitter.com/@rpogrebin?ref_src=twsrc%5Etfw,https://en.wikipedia.org/wiki/The_New_York_Times,https://www.facebook.com/nytimes/,rpogrebin
New York Times - Opinion,left,1,News Media,2716,840,0.763779528,https://www.allsides.com/news-source/new-york-times-opinion-media-bias,1,0,0,1,High,https://twitter.com/@rpogrebin?ref_src=twsrc%5Etfw,https://en.wikipedia.org/wiki/The_New_York_Times,https://www.facebook.com/nytimes/,rpogrebin
NewsBusters,right,5,Think Tank / Policy Group,288,162,0.64,https://www.allsides.com/news-source/newsbusters,0,0,0,0,NA,NA,NA,NA,NA
Newsmax,right,5,News Media,6840,8978,0.432418763,https://www.allsides.com/news-source/newsmax,0,1,0,1,Medium,https://twitter.com/newsmax,https://en.wikipedia.org/wiki/Newsmax_Media,https://www.facebook.com/newsmax/?ref=br_rs,newsmax
Newsweek,left-center,2,News Media,2037,2470,0.451963612,https://www.allsides.com/news-source/newsweek,0,0,0,0,Medium,https://twitter.com/@thedailybeast,https://en.wikipedia.org/wiki/The_Daily_Beast,https://www.facebook.com/thedailybeast/,thedailybeast
Newt Gingrich,right,5,Author,429,181,0.703278689,https://www.allsides.com/news-source/newt-gingrich,0,0,0,0,NA,NA,NA,NA,NA
Nicholas Kristof,left,1,Author,153,148,0.508305648,https://www.allsides.com/news-source/nicholas-kristof,0,0,0,1,Low or Initial Rating,NA,NA,NA,NA
Nick Anderson (cartoonist),center,3,Author,30,46,0.394736842,https://www.allsides.com/news-source/nick-anderson-cartoonist,checked,0,0,0,NA,NA,NA,NA,NA
NMPolitics.net,center,3,News Media,140,196,0.416666667,https://www.allsides.com/news-source/nmpoliticsnet,0,0,0,1,Low or Initial Rating,NA,NA,NA,NA
No Labels,center,3,Think Tank / Policy Group,90,66,0.576923077,https://www.allsides.com/news-source/no-labels,0,0,0,0,NA,NA,NA,NA,NA
Noah Rothman,right-center,4,Author,22,16,0.578947368,https://www.allsides.com/news-source/noah-rothman-media-bias,0,0,0,1,Low or Initial Rating,NA,NA,NA,NA
NPR Editorial,left-center,2,News Media,1859,1966,0.486013072,https://www.allsides.com/news-source/npr-editorial,1,0,0,1,Low or Initial Rating,https://twitter.com/@NPR,https://en.wikipedia.org/wiki/NPR,https://www.facebook.com/NPR/,NPR
NPR Online News,center,3,News Media,19422,14510,0.572380054,https://www.allsides.com/news-source/npr-media-bias,1,1,1,1,Medium,https://twitter.com/@NPR,https://en.wikipedia.org/wiki/NPR,https://www.facebook.com/NPR/,NPR
One America News Network,right-center,4,News Media,408,416,0.495145631,https://www.allsides.com/news-source/one-america-news-network-media-bias,1,0,0,1,Low or Initial Rating,NA,NA,NA,NA
OpenSecrets.org,center,3,Think Tank / Policy Group,398,325,0.550484094,https://www.allsides.com/news-source/opensecretsorg,0,0,0,1,Low or Initial Rating,NA,https://en.wikipedia.org/wiki/OpenSecrets,NA,NA
Orange County Register,right-center,4,News Media,197,163,0.547222222,https://www.allsides.com/news-source/orange-county-register,0,0,0,1,Low or Initial Rating,https://twitter.com/ocregister,https://en.wikipedia.org/wiki/Orange_County_Register,https://www.facebook.com/ocregister,ocregister
Pacific Research Institute,right,5,Think Tank / Policy Group,128,145,0.468864469,https://www.allsides.com/news-source/pacific-research-institute,0,0,0,1,Low or Initial Rating,NA,NA,NA,NA
Pacific Standard,left-center,2,News Media,336,294,0.533333333,https://www.allsides.com/news-source/pacific-standard,0,0,0,1,Low or Initial Rating,NA,NA,NA,NA
Pat Oliphant (cartoonist),center,3,Author,42,49,0.461538462,https://www.allsides.com/news-source/pat-oliphant-cartoonist,checked,0,0,0,NA,NA,NA,NA,NA
Paul Krugman,left,1,Author,307,193,0.614,https://www.allsides.com/news-source/paul-krugman,0,0,0,1,High,NA,NA,NA,NA
Paul Szep (cartoonist),center,3,Author,50,44,0.531914894,https://www.allsides.com/news-source/paul-szep-cartoonist,checked,0,0,0,NA,NA,NA,NA,NA
PBS NewsHour,center,3,News Media,2039,1494,0.577129918,https://www.allsides.com/news-source/pbs-newshour,0,0,0,0,Low or Initial Rating,NA,https://en.wikipedia.org/wiki/PBS_NewsHour,NA,NA
Peacock Panache,left,1,News Media,145,75,0.659090909,https://www.allsides.com/news-source/peacock-panache,0,0,0,0,Low or Initial Rating,NA,NA,NA,NA
Peggy Noonan,right,5,Author,239,322,0.426024955,https://www.allsides.com/news-source/peggy-noonan,0,0,0,1,NA,NA,NA,NA,NA
People for the American Way,left,1,Think Tank / Policy Group,175,112,0.609756098,https://www.allsides.com/news-source/people-american-way,0,0,0,0,NA,NA,NA,NA,NA
Peter Roff,right-center,4,Author,176,113,0.60899654,https://www.allsides.com/news-source/peter-roff,0,0,0,1,Medium,NA,NA,NA,NA
Peter Thiel,right-center,4,Author,10,20,0.333333333,https://www.allsides.com/news-source/peter-thiel-media-bias,0,0,0,1,Low or Initial Rating,NA,NA,NA,NA
Physicians for a National Health Program,left,1,Think Tank / Policy Group,125,90,0.581395349,https://www.allsides.com/news-source/physicians-national-health-program,0,0,0,1,Low or Initial Rating,NA,NA,NA,NA
Piers Morgan,left-center,2,Author,184,349,0.34521576,https://www.allsides.com/news-source/piers-morgan,0,0,0,1,Low or Initial Rating,NA,NA,NA,NA
Pittsburgh Post-Gazette,right-center,4,News Media,186,221,0.457002457,https://www.allsides.com/news-source/pittsburgh-post-gazette,0,0,0,1,Low or Initial Rating,https://twitter.com/PittsburghPG,https://en.wikipedia.org/wiki/Pittsburgh_Post-Gazette,https://www.facebook.com/pittsburghpostgazette,PittsburghPG
PJ Media,right-center,4,News Media,95,79,0.545977011,https://www.allsides.com/news-source/pj-media-media-bias,0,0,0,1,Low or Initial Rating,NA,NA,NA,NA
PJ Media,right,5,News Media,163,88,0.64940239,https://www.allsides.com/news-source/pj-media,0,0,0,0,Low or Initial Rating,NA,https://en.wikipedia.org/wiki/PJ_Media,NA,NA
Politico,left-center,2,News Media,13776,21465,0.390908317,https://www.allsides.com/news-source/politico-media-bias,1,1,1,1,Medium,https://twitter.com/politico,https://en.wikipedia.org/wiki/Politico,https://www.facebook.com/politico/,politico
PoliticusUSA,left,1,News Media,786,254,0.755769231,https://www.allsides.com/news-source/politicususa,0,0,0,0,Low or Initial Rating,https://twitter.com/@politicususa,NA,https://www.facebook.com/PoliticusUSA/,politicususa
PolitiFact,left-center,2,News Media,1520,2138,0.415527611,https://www.allsides.com/news-source/politifact,0,0,0,1,Low or Initial Rating,https://twitter.com/politifact,https://en.wikipedia.org/wiki/PolitiFact,https://facebook.com/politifact,politifact
Portland Press Herald,center,3,News Media,161,245,0.396551724,https://www.allsides.com/news-source/portland-press-herarld,0,0,0,1,Medium,https://twitter.com/PressHerald,https://en.wikipedia.org/wiki/Portland_Press_Herald,https://www.facebook.com/pressherald/,PressHerald
Prager University,right,5,Think Tank / Policy Group,1616,423,0.792545365,https://www.allsides.com/news-source/prager-university,0,0,0,1,High,https://twitter.com/prageru?,NA,https://www.facebook.com/prageru/,prageru
PRI (Public Radio International),center,3,News Media,610,346,0.638075314,https://www.allsides.com/news-source/pri-public-radio-international,0,0,0,0,Low or Initial Rating,NA,NA,NA,NA
ProCon.org,allsides,NA,News Media,2862,1673,0.63109151,https://www.allsides.com/news-source/proconorg,0,0,0,0,Low or Initial Rating,NA,NA,NA,NA
Progressive Voices of Iowa,left,1,News Media,145,80,0.644444444,https://www.allsides.com/news-source/progressive-voices-iowa,0,0,0,1,Low or Initial Rating,NA,NA,https://www.facebook.com/ProgressiveVoicesofIowa/,NA
Project Veritas,right-center,4,News Media,31,46,0.402597403,https://www.allsides.com/news-source/project-veritas-media-bias,0,0,0,1,Low or Initial Rating,NA,NA,NA,NA
ProPublica,center,3,News Media,839,531,0.612408759,https://www.allsides.com/news-source/propublica,0,0,0,0,NA,https://twitter.com/@zahiratorres,https://en.wikipedia.org/wiki/ProPublica,NA,zahiratorres
PXW News,center,3,News Media,126,132,0.488372093,https://www.allsides.com/news-source/pxw-news,0,0,0,1,Low or Initial Rating,https://twitter.com/pxwnews,NA,NA,pxwnews
Quartz,center,3,News Media,473,424,0.527313266,https://www.allsides.com/news-source/quartz,0,0,0,1,Low or Initial Rating,NA,NA,NA,NA
Quillette,right-center,4,News Media,282,482,0.369109948,https://www.allsides.com/news-source/quillette-media-bias,1,0,0,1,Low or Initial Rating,NA,NA,NA,NA
Rachel Eckhardt,left-center,2,Author,26,42,0.382352941,https://www.allsides.com/news-source/rachel-eckhardt,0,0,0,1,Medium,NA,NA,NA,NA
Rahm Emanuel,left-center,2,Author,9,34,0.209302326,https://www.allsides.com/news-source/rahm-emanuel-media-bias,0,0,0,0,NA,NA,NA,NA,NA
Ralph Benko,right,5,Author,43,69,0.383928571,https://www.allsides.com/news-source/ralph-benko,0,0,0,1,Medium,NA,NA,NA,NA
Ramesh Ponnuru,right,5,Author,107,74,0.591160221,https://www.allsides.com/news-source/ramesh-ponnuru,0,0,0,1,NA,NA,NA,NA,NA
RAND Corporation,left-center,2,Think Tank / Policy Group,389,495,0.440045249,https://www.allsides.com/news-source/rand-corporation,0,0,0,0,NA,NA,NA,NA,NA
Rand Paul,right-center,4,Author,363,309,0.540178571,https://www.allsides.com/news-source/rand-paul,checked,0,0,0,NA,NA,NA,NA,NA
Rasmussen Reports,center,3,News Media,451,656,0.407407407,https://www.allsides.com/news-source/rasmussen-reports,0,0,0,0,NA,NA,NA,NA,NA
Raw Story,left,1,News Media,491,297,0.623096447,https://www.allsides.com/news-source/raw-story,checked,0,0,0,NA,https://twitter.com/RawStory,https://en.wikipedia.org/wiki/The_Raw_Story,https://www.facebook.com/TheRawStory/,RawStory
RealClearPolitics,center,3,News Media,2787,2415,0.535755479,https://www.allsides.com/news-source/real-clear-politics,0,0,0,0,NA,https://twitter.com/RealClearNews,https://en.wikipedia.org/wiki/RealClearPolitics,https://www.facebook.com/realclearpolitics/,RealClearNews
Reason,right-center,4,News Media,5258,3529,0.598383976,https://www.allsides.com/news-source/reason,0,0,0,1,Low or Initial Rating,https://twitter.com/reason,https://en.wikipedia.org/wiki/Reason.com,https://facebook.com/Reason.Magazine,reason
Reason Foundation,right-center,4,Think Tank / Policy Group,115,121,0.487288136,https://www.allsides.com/news-source/reason-foundation,0,0,0,0,Low or Initial Rating,NA,NA,NA,NA
Record Journal,center,3,News Media,102,117,0.465753425,https://www.allsides.com/news-source/record-journal,0,0,0,1,Low or Initial Rating,NA,NA,NA,NA
Red State,right,5,News Media,601,199,0.75125,https://www.allsides.com/news-source/red-state,0,0,0,0,Low or Initial Rating,NA,NA,NA,NA
redefinED,center,3,Think Tank / Policy Group,127,66,0.658031088,https://www.allsides.com/news-source/redefined,0,0,0,1,Low or Initial Rating,NA,NA,NA,NA
Rem Reider,center,3,Author,70,90,0.4375,https://www.allsides.com/news-source/rem-reider,0,0,0,0,Low or Initial Rating,NA,NA,NA,NA
Reuters,center,3,News Media,6834,4515,0.602167592,https://www.allsides.com/news-source/reuters,0,0,0,1,Low or Initial Rating,https://twitter.com/@Reuters,https://en.wikipedia.org/wiki/Reuters,https://www.facebook.com/Reuters/,Reuters
Rich Lowry,right,5,Author,187,173,0.519444444,https://www.allsides.com/news-source/rich-lowry-syndicated-columnist,checked,0,0,0,NA,NA,NA,NA,NA
Rich Tafel,center,3,Author,67,62,0.519379845,https://www.allsides.com/news-source/rich-tafel,0,0,0,1,Low or Initial Rating,NA,NA,NA,NA
Rich Zeoli,right-center,4,Author,62,56,0.525423729,https://www.allsides.com/news-source/rich-zeoli,0,0,0,1,Low or Initial Rating,NA,NA,NA,NA
Richard A. Lowry,right,5,Author,73,52,0.584,https://www.allsides.com/news-source/richard-lowry,checked,0,0,0,NA,NA,NA,NA,NA
Richard M. Cohen,left-center,2,Author,30,15,0.666666667,https://www.allsides.com/news-source/richard-cohen,0,0,0,1,Low or Initial Rating,NA,NA,NA,NA
Richmond Times Dispatch,right-center,4,News Media,205,153,0.572625698,https://www.allsides.com/news-source/richmond-times-dispatch,0,0,0,0,Low or Initial Rating,NA,https://en.wikipedia.org/wiki/Richmond_Times-Dispatch,https://www.facebook.com/TimesDispatch/,NA
Rick Ungar,left-center,2,Author,128,124,0.507936508,https://www.allsides.com/news-source/rick-ungar,0,0,0,1,NA,NA,NA,NA,NA
Right - Major Media Sources,right,5,News Media,261,252,0.50877193,https://www.allsides.com/news-source/right-major-publications,checked,0,0,0,NA,NA,NA,NA,NA
Right Guest Commentaries,right,5,Author,54,46,0.54,https://www.allsides.com/news-source/right-guest-commentaries,checked,0,0,0,NA,NA,NA,NA,NA
Right Side News,right,5,News Media,406,197,0.673300166,https://www.allsides.com/news-source/right-side-news,checked,0,0,0,Low or Initial Rating,NA,NA,NA,NA
Right Wing News,right,5,News Media,352,153,0.697029703,https://www.allsides.com/news-source/right-wing-news,0,0,0,1,High,NA,NA,NA,NA
Rob Rogers (cartoonist),left,1,Author,67,13,0.8375,https://www.allsides.com/news-source/rob-rogers-cartoonist,checked,0,0,0,NA,NA,NA,NA,NA
Robert Ariail (cartoonist),center,3,Author,52,58,0.472727273,https://www.allsides.com/news-source/robert-ariail-cartoonist,checked,0,0,0,NA,NA,NA,NA,NA
Robert Samuelson,center,3,Author,103,113,0.476851852,https://www.allsides.com/news-source/robert-samuelson,checked,0,0,0,NA,NA,NA,NA,NA
Roll Call,center,3,News Media,71,69,0.507142857,https://www.allsides.com/news-source/roll-call-media-bias,0,0,0,1,Low or Initial Rating,NA,NA,NA,NA
RollingStone.com,left,1,News Media,1344,364,0.786885246,https://www.allsides.com/news-source/rolling-stone,0,0,0,0,NA,http://twitter.com/rollingstone,https://en.wikipedia.org/wiki/Rolling_Stone,NA,rollingstone
Ross Douthat,right-center,4,Author,116,76,0.604166667,https://www.allsides.com/news-source/ross-douthat,checked,0,0,0,NA,NA,NA,NA,NA
Ruth Marcus,left-center,2,Author,125,132,0.486381323,https://www.allsides.com/news-source/ruth-marcus,0,0,0,0,NA,NA,NA,NA,NA
Ryan Cooper,left,1,Author,258,69,0.788990826,https://www.allsides.com/news-source/ryan-cooper,0,0,0,1,Low or Initial Rating,NA,NA,NA,NA
Ryan Cooper,left,1,Author,71,42,0.628318584,https://www.allsides.com/news-source/ryan-cooper-0,0,0,0,0,Low or Initial Rating,NA,NA,NA,NA
Sally Pipes,right,5,Author,206,89,0.698305085,https://www.allsides.com/news-source/sally-pipes,checked,0,0,0,NA,NA,NA,NA,NA
Salon,left,1,News Media,10912,4980,0.686634785,https://www.allsides.com/news-source/salon,0,0,0,1,Medium,https://twitter.com/Salon,https://en.wikipedia.org/wiki/Salon_(website),https://www.facebook.com/salon/,Salon
San Francisco Chronicle,left,1,News Media,843,278,0.752007136,https://www.allsides.com/news-source/san-francisco-chronicle,0,0,0,0,Low or Initial Rating,NA,NA,NA,NA
San Jose Mercury News,left-center,2,News Media,333,362,0.479136691,https://www.allsides.com/news-source/san-jose-mercury-news,0,0,0,0,Low or Initial Rating,https://twitter.com/mercnews,https://en.wikipedia.org/wiki/The_Mercury_News,https://www.facebook.com/mercurynews,mercnews
SBG,center,3,Author,50,45,0.526315789,https://www.allsides.com/news-source/sbg,0,0,0,1,Low or Initial Rating,NA,NA,NA,NA
Science Daily,center,3,News Media,396,242,0.620689655,https://www.allsides.com/news-source/science-daily,0,0,0,1,Low or Initial Rating,https://twitter.com/ScienceDaily,https://en.wikipedia.org/wiki/ScienceDaily,https://www.facebook.com/sciencedaily/,ScienceDaily
Scientific American,center,3,News Media,947,453,0.676428571,https://www.allsides.com/news-source/scientific-american,0,0,0,0,Low or Initial Rating,https://twitter.com/sciam,https://en.wikipedia.org/wiki/Scientific_American,https://www.facebook.com/ScientificAmerican/,sciam
Scott Adams,center,3,Author,15,17,0.46875,https://www.allsides.com/news-source/scott-adams-media-bias,0,0,0,1,Low or Initial Rating,NA,NA,NA,NA
Scott Stantis (cartoonist),right,5,Author,36,54,0.4,https://www.allsides.com/news-source/scott-stantis-cartoonist,checked,0,0,0,NA,NA,NA,NA,NA
SF Weekly,center,3,News Media,209,282,0.425661914,https://www.allsides.com/news-source/sf-weekly,checked,0,0,0,NA,NA,https://en.wikipedia.org/wiki/SF_Weekly,NA,NA
SFGate,left-center,2,News Media,385,433,0.470660147,https://www.allsides.com/news-source/sf-gate,0,0,0,0,NA,https://twitter.com/sfgate/,https://en.wikipedia.org/wiki/San_Francisco_Chronicle,https://www.facebook.com/SFGate/,sfgate
Signe Wilkinson (cartoonist),left,1,Author,25,17,0.595238095,https://www.allsides.com/news-source/signe-wilkinson-cartoonist,checked,0,0,0,NA,NA,NA,NA,NA
Sky-Hi Daily News,left-center,2,News Media,114,96,0.542857143,https://www.allsides.com/news-source/sky-hi-daily-news,0,0,0,0,NA,NA,NA,NA,NA
Slate,left,1,News Media,3325,2384,0.582413733,https://www.allsides.com/news-source/slate,1,0,1,1,Low or Initial Rating,https://twitter.com/Slate,https://en.wikipedia.org/wiki/Slate_(magazine),https://www.facebook.com/Slate/,Slate
Small World (cartoonist),left,1,Author,14,25,0.358974359,https://www.allsides.com/news-source/small-world-cartoonist,checked,0,0,0,NA,NA,NA,NA,NA
Smerconish,center,3,News Media,94,140,0.401709402,https://www.allsides.com/news-source/smerconish-media-bias,0,0,0,0,Low or Initial Rating,NA,NA,NA,NA
Socialist Alternative,left,1,News Media,387,168,0.697297297,https://www.allsides.com/news-source/socialist-alternative,0,0,0,1,Low or Initial Rating,NA,NA,NA,NA
Socialist Project/The Bullet,left,1,News Media,336,146,0.697095436,https://www.allsides.com/news-source/socialist-projectthe-bullet,0,0,0,0,Low or Initial Rating,NA,NA,NA,NA
Splinter,left,1,News Media,157,41,0.792929293,https://www.allsides.com/news-source/splinter-media-bias,0,0,0,1,Low or Initial Rating,NA,NA,NA,NA
Spokesman Review,left-center,2,News Media,164,181,0.475362319,https://www.allsides.com/news-source/spokesman-review,0,0,0,1,Low or Initial Rating,https://twitter.com/SpokesmanReview,NA,https://www.facebook.com/spokesmanreview/,SpokesmanReview
State Journal,left-center,2,News Media,137,194,0.413897281,https://www.allsides.com/news-source/state-journal,0,0,0,0,Low or Initial Rating,NA,NA,NA,NA
Steve Benson (cartoonist),left,1,Author,51,47,0.520408163,https://www.allsides.com/news-source/steve-benson-cartoonist,checked,0,0,0,NA,NA,NA,NA,NA
Steve Breen (cartoonist),center,3,Author,51,40,0.56043956,https://www.allsides.com/news-source/steve-breen-cartoonist,checked,0,0,0,NA,NA,NA,NA,NA
Steve Kelley (cartoonist),right,5,Author,28,30,0.482758621,https://www.allsides.com/news-source/steve-kelley-cartoonist,checked,0,0,0,NA,NA,NA,NA,NA
Steve Sack (cartoonist),left,1,Author,41,22,0.650793651,https://www.allsides.com/news-source/steve-sack-cartoonist,checked,0,0,0,NA,NA,NA,NA,NA
StoryCorps,allsides,NA,News Media,11,11,0.5,https://www.allsides.com/news-source/storycorps-media-bias,0,0,0,1,Low or Initial Rating,NA,NA,NA,NA
Stuart Carlson (cartoonist),left,1,Author,22,31,0.41509434,https://www.allsides.com/news-source/stuart-carlson-cartoonist,checked,0,0,0,NA,NA,NA,NA,NA
Subverse,center,3,News Media,10,0,1,https://www.allsides.com/news-source/subverse-media-bias,0,0,0,1,Low or Initial Rating,NA,NA,NA,NA
Suspend Belief Podcast,allsides,NA,News Media,117,144,0.448275862,https://www.allsides.com/news-source/suspend-belief-podcast,0,0,0,0,Low or Initial Rating,NA,NA,https://www.facebook.com/SuspendBelief/?fref=ts,NA
Tallahassee Democrat,center,3,News Media,194,185,0.511873351,https://www.allsides.com/news-source/tallahassee-democrat,0,0,0,1,Low or Initial Rating,NA,NA,NA,NA
TechCrunch,center,3,News Media,329,199,0.623106061,https://www.allsides.com/news-source/techcrunch-media-bias,0,0,0,0,Low or Initial Rating,https://twitter.com/TechCrunch?ref_src=twsrcgoogletwcampserptwgrauthor,https://en.wikipedia.org/wiki/TechCrunch,https://www.facebook.com/techcrunch/,TechCrunch
Ted Rall (cartoonist),left,1,Author,37,25,0.596774194,https://www.allsides.com/news-source/ted-rall-cartoonist,checked,0,0,0,NA,NA,NA,NA,NA
Teen Vogue,left-center,2,News Media,269,404,0.399702823,https://www.allsides.com/news-source/teen-vogue,0,0,0,1,Low or Initial Rating,NA,NA,NA,NA
Test Source,center,3,News Media,112,123,0.476595745,https://www.allsides.com/news-source/test-source,checked,0,0,0,NA,https://twitter.com/FoxNews,https://en.wikipedia.org/wiki/Fox_News,https://www.facebook.com/FoxNews/,FoxNews
The Advocate-Messenger,left-center,2,News Media,129,166,0.437288136,https://www.allsides.com/news-source/advocate-messenger,0,0,0,0,Low or Initial Rating,NA,NA,NA,NA
The American Conservative,right-center,4,News Media,137,160,0.461279461,https://www.allsides.com/news-source/american-conservative-media-bias,0,0,0,0,Low or Initial Rating,NA,https://en.wikipedia.org/wiki/The_American_Conservative,NA,NA
The Atlantic,left,1,News Media,4533,2681,0.628361519,https://www.allsides.com/news-source/atlantic,0,0,0,0,NA,https://twitter.com/TheAtlantic,https://en.wikipedia.org/wiki/The_Atlantic,https://www.facebook.com/TheAtlantic/,TheAtlantic
The Boston Globe,left-center,2,News Media,1428,1090,0.567116759,https://www.allsides.com/news-source/boston-globe,0,0,0,1,High,https://twitter.com/BostonGlobe,https://en.wikipedia.org/wiki/The_Boston_Globe,https://www.facebook.com/globe,BostonGlobe
The Cadiz Record,left-center,2,News Media,143,151,0.486394558,https://www.allsides.com/news-source/cadiz-record,0,0,0,0,Low or Initial Rating,NA,NA,NA,NA
The Canyon County Zephyr,left,1,News Media,138,109,0.558704453,https://www.allsides.com/news-source/canyon-county-zephry,0,0,0,1,High,NA,NA,https://www.facebook.com/FansoftheCanyonCountryZephyr,NA
The College Fix,right,5,News Media,106,87,0.549222798,https://www.allsides.com/news-source/college-fix,0,0,0,1,Low or Initial Rating,NA,NA,NA,NA
The Commercial Appeal,left-center,2,News Media,118,171,0.408304498,https://www.allsides.com/news-source/commercial-appeal,0,0,0,1,Low or Initial Rating,NA,NA,NA,NA
The Courier-Journal,left-center,2,News Media,88,184,0.323529412,https://www.allsides.com/news-source/courier-journal,0,0,0,0,Low or Initial Rating,NA,https://en.wikipedia.org/wiki/The_Courier-Journal,NA,NA
The Daily Caller,right,5,News Media,4658,2549,0.646316082,https://www.allsides.com/news-source/daily-caller,1,0,0,1,Medium,https://twitter.com/@ChuckRossDC,https://en.wikipedia.org/wiki/The_Daily_Caller,https://www.facebook.com/DailyCaller/,ChuckRossDC
The Daily Show (humor),left-center,2,News Media,838,1105,0.431291817,https://www.allsides.com/news-source/daily-show,checked,0,0,0,NA,https://twitter.com/@TheDailyShow,NA,NA,TheDailyShow
The Daily Signal,right,5,News Media,241,73,0.767515924,https://www.allsides.com/news-source/daily-signal,0,0,0,1,Low or Initial Rating,NA,NA,NA,NA
The Daily Wire,right,5,News Media,2719,1344,0.669209943,https://www.allsides.com/news-source/daily-wire,0,0,0,1,Medium,https://twitter.com/realDailyWire,https://en.wikipedia.org/wiki/The_Daily_Wire,https://www.facebook.com/DailyWire/,realDailyWire
The Dallas Morning News,center,3,News Media,74,51,0.592,https://www.allsides.com/news-source/dallas-morning-news,0,0,0,1,Low or Initial Rating,https://twitter.com/dallasnews,https://en.wikipedia.org/wiki/The_Dallas_Morning_News,https://www.facebook.com/dallasmorningnews,dallasnews
The Delaware County Daily Times,left-center,2,News Media,144,163,0.469055375,https://www.allsides.com/news-source/delaware-county-daily-times,0,0,0,1,Low or Initial Rating,NA,NA,NA,NA
The Economist,left-center,2,News Media,1612,3004,0.349220104,https://www.allsides.com/news-source/economist,0,0,1,1,NA,https://twitter.com/TheEconomist,https://en.wikipedia.org/wiki/The_Economist,https://www.facebook.com/TheEconomist,TheEconomist
The Epoch Times,right,5,News Media,731,352,0.674976916,https://www.allsides.com/news-source/epoch-times-media-bias,1,0,0,1,Medium,NA,https://en.wikipedia.org/wiki/Www.theepochtimes.com,NA,NA
The Federalist,right,5,News Media,2459,1211,0.670027248,https://www.allsides.com/news-source/federalist,0,0,0,0,Low or Initial Rating,https://twitter.com/@seanmdav,https://en.wikipedia.org/wiki/The_Federalist_(website),https://www.facebook.com/fdrlst/,seanmdav
The Flip Side,allsides,NA,News Media,226,183,0.552567237,https://www.allsides.com/news-source/flip-side-media-bias,0,0,0,1,High,NA,NA,NA,NA
The Fulcrum,center,3,News Media,8,13,0.380952381,https://www.allsides.com/news-source/fulcrum-media-bias,0,0,0,0,Low or Initial Rating,NA,NA,NA,NA
The Gateway Pundit,right,5,News Media,458,335,0.577553594,https://www.allsides.com/news-source/gateway-pundit,0,0,0,1,Low or Initial Rating,https://twitter.com/gatewaypundit,https://en.wikipedia.org/wiki/The_Gateway_Pundit,https://www.facebook.com/gatewaypundit,gatewaypundit
The Guardian,left,1,News Media,6067,3885,0.609626206,https://www.allsides.com/news-source/guardian,0,0,0,1,Medium,https://twitter.com/guardian,https://en.wikipedia.org/wiki/TheGuardian.com - https://en.wikipedia.org/wiki/The_Guardian,https://www.facebook.com/theguardian/,guardian
The Heritage Foundation,right-center,4,Think Tank / Policy Group,2327,1336,0.635271635,https://www.allsides.com/news-source/heritage-foundation,0,0,0,0,NA,NA,https://en.wikipedia.org/wiki/The_Heritage_Foundation,NA,NA
The Hill,center,3,News Media,7444,9180,0.447786333,https://www.allsides.com/news-source/hill-media-bias,0,0,0,1,Low or Initial Rating,https://twitter.com/@thehill,https://en.wikipedia.org/wiki/The_Hill_(newspaper),https://www.facebook.com/TheHill,thehill
The Independent,left-center,2,News Media,74,74,0.5,https://www.allsides.com/news-source/independent-0,0,0,0,0,NA,NA,NA,NA,NA
The Intercept,left,1,News Media,1213,633,0.657096425,https://www.allsides.com/news-source/intercept,0,0,0,1,Low or Initial Rating,https://twitter.com/theintercept,https://en.wikipedia.org/wiki/The_Intercept,https://www.facebook.com/theinterceptflm,theintercept
The Jerusalem Post,center,3,News Media,97,98,0.497435897,https://www.allsides.com/news-source/jerusalem-post-media-bias,0,0,0,0,NA,NA,NA,NA,NA
The Justice,left-center,2,News Media,104,116,0.472727273,https://www.allsides.com/news-source/justice,0,0,0,1,Low or Initial Rating,NA,NA,NA,NA
The Korea Herald,center,3,News Media,135,76,0.639810427,https://www.allsides.com/news-source/korea-herald,0,0,0,1,Low or Initial Rating,NA,NA,NA,NA
The Libertarian Republic,right-center,4,News Media,771,626,0.551896922,https://www.allsides.com/news-source/libertarian-republic,0,0,0,1,Low or Initial Rating,NA,NA,NA,NA
The Nation,left,1,News Media,977,310,0.759129759,https://www.allsides.com/news-source/nation,0,0,0,0,NA,https://twitter.com/thenation,https://en.wikipedia.org/wiki/The_Nation,https://www.facebook.com/thenationdaily/,thenation
The New Yorker,left,1,News Media,2435,762,0.761651548,https://www.allsides.com/news-source/new-yorker,0,0,0,1,Low or Initial Rating,https://twitter.com/NewYorker,https://en.wikipedia.org/wiki/The_New_Yorker,https://www.facebook.com/newyorker/,NewYorker
The Observer (New York),center,3,News Media,170,314,0.351239669,https://www.allsides.com/news-source/observer,0,0,0,1,Low or Initial Rating,https://twitter.com/observer?lang=en,https://en.wikipedia.org/wiki/New_York_Observer,https://www.facebook.com/observer,observer
The Oracle,center,3,News Media,49,88,0.357664234,https://www.allsides.com/news-source/oracle,0,0,0,1,Low or Initial Rating,NA,NA,NA,NA
The Philadelphia Inquirer,left-center,2,News Media,53,76,0.410852713,https://www.allsides.com/news-source/phillycom,0,0,0,1,Low or Initial Rating,https://twitter.com/phillydotcom,https://en.wikipedia.org/wiki/Philadelphia_Media_Network,https://www.facebook.com/phillydotcom?ref=facebook.com,phillydotcom
The Post Millennial,right-center,4,News Media,38,21,0.644067797,https://www.allsides.com/news-source/post-millennial-media-bias,0,0,0,1,Low or Initial Rating,NA,NA,NA,NA
The Red and Black,center,3,News Media,113,80,0.585492228,https://www.allsides.com/news-source/red-and-black,0,0,0,1,Low or Initial Rating,NA,https://en.wikipedia.org/wiki/The_Red_and_Black,NA,NA
The Reliable Bias,center,3,News Media,62,102,0.37804878,https://www.allsides.com/news-source/reliable-bias,0,0,0,0,NA,NA,NA,NA,NA
The Republican,center,3,News Media,145,359,0.287698413,https://www.allsides.com/news-source/republican,0,0,0,1,Low or Initial Rating,NA,NA,NA,NA
The Resurgent,right,5,News Media,26,16,0.619047619,https://www.allsides.com/news-source/resurgent-media-bias,0,0,0,1,Low or Initial Rating,https://twitter.com/@EWErickson,NA,NA,EWErickson
The Root,left-center,2,News Media,216,295,0.422700587,https://www.allsides.com/news-source/root,0,0,0,0,Low or Initial Rating,NA,NA,NA,NA
The Sacramento Bee,left-center,2,News Media,228,234,0.493506494,https://www.allsides.com/news-source/sacramento-bee,0,0,0,1,Low or Initial Rating,https://twitter.com/sacbee_news/,https://en.wikipedia.org/wiki/The_Sacramento_Bee,https://www.facebook.com/sacramentobee,sacbee_news
The Saturday Evening Post,center,3,News Media,112,72,0.608695652,https://www.allsides.com/news-source/saturday-evening-post,0,0,0,1,Low or Initial Rating,NA,NA,NA,NA
The Telegraph - UK,right-center,4,News Media,597,349,0.631078224,https://www.allsides.com/news-source/telegraph-uk,0,0,0,1,Low or Initial Rating,https://twitter.com/telegraph,https://en.wikipedia.org/wiki/The_Daily_Telegraph,https://www.facebook.com/TELEGRAPH.CO.UK/,telegraph
The Texas Observer,left-center,2,News Media,11,12,0.47826087,https://www.allsides.com/news-source/texas-observer-media-bias,0,0,0,0,NA,NA,NA,NA,NA
The Verge,left-center,2,News Media,438,276,0.613445378,https://www.allsides.com/news-source/verge,0,0,0,1,Low or Initial Rating,https://twitter.com/verge,https://en.wikipedia.org/wiki/The_Verge,https://www.facebook.com/verge,verge
The Week - News,center,3,News Media,3017,2266,0.57107704,https://www.allsides.com/news-source/the-week-bias,0,0,0,1,Low or Initial Rating,https://twitter.com/TheWeek,https://en.wikipedia.org/wiki/The_Week,https://www.facebook.com/theweek/,TheWeek
The Weekly Standard,right,5,News Media,1253,732,0.631234257,https://www.allsides.com/news-source/weekly-standard,0,0,0,1,High,NA,https://en.wikipedia.org/wiki/The_Weekly_Standard,NA,NA
TheBlaze.com,right,5,News Media,29759,23159,0.562360633,https://www.allsides.com/news-source/theblaze-bias,0,0,1,1,Medium,https://twitter.com/theblaze,https://en.wikipedia.org/wiki/TheBlaze,https://www.facebook.com/theblaze/,theblaze
ThinkProgress,left,1,News Media,2557,798,0.762146051,https://www.allsides.com/news-source/thinkprogress-bias,0,0,0,1,Low or Initial Rating,NA,https://en.wikipedia.org/wiki/ThinkProgress,https://www.facebook.com/thinkprogress,NA
Thomas Frank,left-center,2,Author,117,131,0.471774194,https://www.allsides.com/news-source/thomas-frank,0,0,0,1,Low or Initial Rating,NA,NA,NA,NA
Thomas Sowell,right-center,4,Author,261,190,0.578713969,https://www.allsides.com/news-source/thomas-sowell,0,0,0,0,NA,NA,NA,NA,NA
Tim Groseclose,right-center,4,Author,74,39,0.654867257,https://www.allsides.com/news-source/tim-groseclose,checked,0,0,0,NA,NA,NA,NA,NA
Tim Pool,center,3,Author,117,56,0.676300578,https://www.allsides.com/news-source/tim-pool-media-bias,0,0,0,1,Medium,NA,NA,NA,NA
Time Magazine,left-center,2,News Media,4191,3477,0.546557121,https://www.allsides.com/news-source/time-magazine-news-media-bias,0,0,0,1,Low or Initial Rating,https://twitter.com/TIME,https://en.wikipedia.org/wiki/Time_(magazine),https://www.facebook.com/time/,TIME
Tom Cole,right,5,Author,129,72,0.641791045,https://www.allsides.com/news-source/tom-cole,checked,0,0,0,NA,NA,NA,NA,NA
Tom Nichols,right-center,4,Author,1,6,0.142857143,https://www.allsides.com/news-source/tom-nichols-media-bias,0,0,0,1,Low or Initial Rating,NA,NA,NA,NA
Tom Toles (cartoonist),left,1,Author,50,39,0.561797753,https://www.allsides.com/news-source/tom-toles-cartoonist,checked,0,0,0,NA,NA,NA,NA,NA
Tony Auth (cartoonist),left,1,Author,42,38,0.525,https://www.allsides.com/news-source/tony-auth,checked,0,0,0,NA,NA,NA,NA,NA
Townhall,right,5,News Media,8940,13747,0.394058271,https://www.allsides.com/news-source/townhall-bias,0,0,0,1,Medium,https://twitter.com/townhallcom,https://en.wikipedia.org/wiki/Townhall,https://www.facebook.com/townhallcom/,townhallcom
Truth or Fiction,center,3,News Media,210,170,0.552631579,https://www.allsides.com/news-source/truth-or-fiction,0,0,0,1,Low or Initial Rating,NA,NA,NA,NA
Truthdig,left,1,News Media,14,3,0.823529412,https://www.allsides.com/news-source/truthdig-media-bias,0,0,0,1,Low or Initial Rating,https://twitter.com/Truthdig?ref_src=twsrc%5Egoogle%7Ctwcamp%5Eserp%7Ctwgr%5Eauthor,https://en.wikipedia.org/wiki/Truthdig,https://www.facebook.com/Truthdig/,Truthdig
TruthOut,left-center,2,News Media,280,299,0.483592401,https://www.allsides.com/news-source/truthout,checked,0,0,0,NA,NA,NA,NA,NA
Tucker Carlson,right,5,Author,81,55,0.595588235,https://www.allsides.com/news-source/tucker-carlson-media-bias,0,0,0,1,Medium,NA,NA,NA,NA
U.S. News & World Report,left-center,2,News Media,1448,1628,0.470741222,https://www.allsides.com/news-source/us-news-and-world-report,0,0,0,0,Low or Initial Rating,https://twitter.com/usnews,https://en.wikipedia.org/wiki/U.S._News_%26_World_Report,https://www.facebook.com/usnewsandworldreport,usnews
Univision,left-center,2,News Media,290,361,0.44546851,https://www.allsides.com/news-source/univision,0,0,0,1,Low or Initial Rating,NA,NA,NA,NA
Upworthy,left,1,News Media,386,262,0.595679012,https://www.allsides.com/news-source/upworthy,0,0,0,1,Low or Initial Rating,NA,https://en.wikipedia.org/wiki/Upworthy,NA,NA
USA TODAY,left-center,2,News Media,12275,9878,0.554101025,https://www.allsides.com/news-source/usa-today-media-bias,0,1,1,1,High,https://twitter.com/@USATODAY?ref_src=twsrc%5Etfw,https://en.wikipedia.org/wiki/USA_Today,https://www.facebook.com/usatoday/,USATODAY
Vanity Fair,left-center,2,News Media,3331,2146,0.60817966,https://www.allsides.com/news-source/vanity-fair,0,0,0,1,Low or Initial Rating,https://twitter.com/HWD,https://en.wikipedia.org/wiki/Vanity_Fair_(magazine),https://www.facebook.com/vanityfairmagazine/,HWD
Vice,left,1,News Media,1043,312,0.769741697,https://www.allsides.com/news-source/vice-media-bias,0,0,0,0,Low or Initial Rating,NA,NA,NA,NA
Victor Hanson,right-center,4,Author,135,147,0.478723404,https://www.allsides.com/news-source/victor-hanson,0,0,0,0,NA,NA,NA,NA,NA
Volante,center,3,News Media,108,118,0.477876106,https://www.allsides.com/news-source/volante,0,0,0,1,Low or Initial Rating,NA,NA,NA,NA
Vote Smart,center,3,Think Tank / Policy Group,189,204,0.480916031,https://www.allsides.com/news-source/vote-smark,0,0,0,0,NA,NA,NA,NA,NA
Vox,left,1,News Media,12519,12386,0.502670147,https://www.allsides.com/news-source/vox-news-media-bias,0,0,0,1,High,https://twitter.com/@atrupar,https://en.wikipedia.org/wiki/Vox_(website),https://www.facebook.com/Vox,atrupar
VT Digger,left-center,2,News Media,117,150,0.438202247,https://www.allsides.com/news-source/vt-digger,0,0,0,1,Low or Initial Rating,https://twitter.com/vtdigger,NA,https://www.facebook.com/vtdigger,vtdigger
Wake Up to Politics,center,3,News Media,21,16,0.567567568,https://www.allsides.com/news-source/wake-politics-media-bias,0,0,0,1,Low or Initial Rating,https://twitter.com/wakeup2politics,NA,https://www.facebook.com/WakeUpToPolitics/,wakeup2politics
Wall Street Journal - Editorial,right-center,4,News Media,5061,3729,0.575767918,https://www.allsides.com/news-source/wall-street-journal-opinion,0,0,0,1,High,NA,NA,NA,NA
Wall Street Journal - News,center,3,News Media,12470,17840,0.411415374,https://www.allsides.com/news-source/wall-street-journal-media-bias,0,1,1,1,High,https://twitter.com/WSJ?ref_src=twsrc%5Egoogle%7Ctwcamp%5Eserp%7Ctwgr%5Eauthor,https://en.wikipedia.org/wiki/The_Wall_Street_Journal,https://www.facebook.com/wsj,WSJ
Walt Handelsman (cartoonist),left,1,Author,67,77,0.465277778,https://www.allsides.com/news-source/walt-handelsman-cartoonist,checked,0,0,0,NA,NA,NA,NA,NA
WANDTV,center,3,News Media,0,0,NaN,https://www.allsides.com/news-source/wandtv-media-bias,0,0,0,0,Low or Initial Rating,NA,NA,NA,NA
Washington Examiner,right-center,4,News Media,5011,2681,0.651456058,https://www.allsides.com/news-source/washington-examiner,0,0,0,1,Medium,https://twitter.com/@dcexaminer,https://en.wikipedia.org/wiki/The_Washington_Examiner,https://www.facebook.com/WashingtonExaminer/,dcexaminer
Washington Free Beacon,right,5,News Media,437,443,0.496590909,https://www.allsides.com/news-source/washington-free-beacon,0,0,0,1,Low or Initial Rating,https://twitter.com/@elianayjohnson,https://en.wikipedia.org/wiki/Washington_Free_Beacon,NA,elianayjohnson
Washington Monthly,left-center,2,News Media,167,149,0.528481013,https://www.allsides.com/news-source/washington-monthly,0,0,0,1,Low or Initial Rating,https://twitter.com/washmonthly,https://en.wikipedia.org/wiki/Washington_Monthly,https://www.facebook.com/WashingtonMonthly/,washmonthly
Washington Post,left-center,2,News Media,24245,15197,0.614700066,https://www.allsides.com/news-source/washington-post-media-bias,0,1,1,1,High,https://twitter.com/@farhip,https://en.wikipedia.org/wiki/The_Washington_Post,https://www.facebook.com/washingtonpost/,farhip
Washington Times,right-center,4,News Media,21112,10655,0.664589039,https://www.allsides.com/news-source/washington-times-bias,0,1,0,1,Medium,https://twitter.com/WashTimes,https://en.wikipedia.org/wiki/The_Washington_Times,https://www.facebook.com/TheWashingtonTimes/,WashTimes
Watchdog.org,right-center,4,News Media,477,512,0.482305359,https://www.allsides.com/news-source/watchdogorg,0,0,0,1,Low or Initial Rating,NA,NA,NA,NA
Western Journalism,right,5,News Media,818,354,0.697952218,https://www.allsides.com/news-source/western-journalism,0,0,0,1,Medium,NA,NA,https://www.facebook.com/WesternJournalism/,NA
WFAE,center,3,News Media,116,139,0.454901961,https://www.allsides.com/news-source/wfae,0,0,0,0,Low or Initial Rating,NA,https://en.wikipedia.org/wiki/WFAE,NA,NA
WGBH,center,3,News Media,289,238,0.548387097,https://www.allsides.com/news-source/wgbh,0,0,0,1,Low or Initial Rating,https://twitter.com/wgbh,NA,https://www.facebook.com/WGBHBoston/,wgbh
WGN,center,3,News Media,1,2,0.333333333,https://www.allsides.com/news-source/wgn-media-bias,0,0,0,0,Low or Initial Rating,NA,NA,NA,NA
Whatfinger News,right,5,News Media,65,47,0.580357143,https://www.allsides.com/news-source/whatfinger-news-media-bias,0,0,0,1,Low or Initial Rating,NA,NA,NA,NA
Whitehouse.gov,right-center,4,Think Tank / Policy Group,405,476,0.459704881,https://www.allsides.com/news-source/whitehousegov,0,0,0,0,Low or Initial Rating,https://twitter.com/@WhiteHouse,NA,NA,WhiteHouse
Willam A. Galston,left-center,2,Author,79,77,0.506410256,https://www.allsides.com/news-source/willam-galston,0,0,0,1,Low or Initial Rating,NA,NA,NA,NA
William Bennett,right,5,Author,95,132,0.418502203,https://www.allsides.com/news-source/william-bennett,checked,0,0,0,NA,NA,NA,NA,NA
William McGurn,right,5,Author,75,35,0.681818182,https://www.allsides.com/news-source/william-mcgurn,0,0,0,0,NA,NA,NA,NA,NA
Wisconsin Gazette,left-center,2,News Media,168,149,0.529968454,https://www.allsides.com/news-source/wisconsin-gazette,0,0,0,0,NA,NA,NA,NA,NA
WND.com,right,5,News Media,439,178,0.711507293,https://www.allsides.com/news-source/wndcom,0,0,0,1,High,NA,https://en.wikipedia.org/wiki/WND,NA,NA
Yahoo! News,left-center,2,News Media,1740,1393,0.555378232,https://www.allsides.com/news-source/yahoo-news-media-bias,1,0,1,0,Medium,NA,NA,NA,NA
Yahoo! The 360,allsides,NA,News Media,6,4,0.6,https://www.allsides.com/news-source/yahoo-360-media-bias,1,0,0,1,Medium,NA,NA,NA,NA
Yes! Magazine,left,1,News Media,354,166,0.680769231,https://www.allsides.com/news-source/yes-magazine,checked,0,0,0,NA,NA,NA,NA,NA
